customer_id,customer_name,country,customer_segment,signup_date
CUST000001,Customer 1,Singapore,Enterprise,2024-01-21
CUST000002,Customer 2,Philippines,Enterprise,2025-04-22
CUST000003,Customer 3,Singapore,Enterprise,2025-03-22
CUST000004,Customer 4,India,Consumer,2026-05-21
CUST000005,Customer 5,India,SMB,2023-11-15
CUST000006,Customer 6,Indonesia,SMB,2024-10-08
CUST000007,Customer 7,New Zealand,SMB,2024-08-08
CUST000008,Customer 8,Australia,Enterprise,2025-06-19
CUST000009,Customer 9,Singapore,SMB,2022-09-21
CUST000010,Customer 10,India,SMB,2026-08-08
CUST000011,Customer 11,Singapore,Enterprise,2023-03-14
CUST000012,Customer 12,Philippines,Enterprise,2026-08-07
CUST000013,Customer 13,Australia,Consumer,2025-02-04
CUST000014,Customer 14,Indonesia,SMB,2025-03-04
CUST000015,Customer 15,Australia,SMB,2024-10-02
CUST000016,Customer 16,India,Consumer,2024-11-20
CUST000017,Customer 17,Singapore,SMB,2022-12-01
CUST000018,Customer 18,Philippines,Enterprise,2023-02-03
CUST000019,Customer 19,India,SMB,2022-03-18
CUST000020,Customer 20,India,Consumer,2022-10-21
CUST000021,Customer 21,New Zealand,Enterprise,2022-07-30
CUST000022,Customer 22,Philippines,Enterprise,2022-01-26
CUST000023,Customer 23,Indonesia,Enterprise,2022-10-27
CUST000024,Customer 24,Australia,SMB,2025-04-27
CUST000025,Customer 25,New Zealand,Consumer,2025-10-26
CUST000026,Customer 26,New Zealand,SMB,2025-05-08
CUST000027,Customer 27,Indonesia,SMB,2025-08-29
CUST000028,Customer 28,Indonesia,SMB,2023-05-15
CUST000029,Customer 29,India,Enterprise,2024-07-07
CUST000030,Customer 30,New Zealand,SMB,2023-10-07
CUST000031,Customer 31,Singapore,Enterprise,2021-12-24
CUST000032,Customer 32,Philippines,Consumer,2025-06-18
CUST000033,Customer 33,Philippines,Consumer,2024-09-24
CUST000034,Customer 34,India,Enterprise,2026-09-03
CUST000035,Customer 35,India,Consumer,2022-07-20
CUST000036,Customer 36,Malaysia,SMB,2023-11-21
CUST000037,Customer 37,New Zealand,SMB,2024-09-02
CUST000038,Customer 38,New Zealand,SMB,2022-11-28
CUST000039,Customer 39,Philippines,Enterprise,2026-07-08
CUST000040,Customer 40,Singapore,Enterprise,2025-08-16
CUST000041,Customer 41,Malaysia,Consumer,2025-10-19
CUST000042,Customer 42,Philippines,Consumer,2022-01-22
CUST000043,Customer 43,New Zealand,Enterprise,2024-02-27
CUST000044,Customer 44,Australia,Consumer,2023-04-15
CUST000045,Customer 45,Australia,Consumer,2024-07-09
CUST000046,Customer 46,Indonesia,Enterprise,2023-08-07
CUST000047,Customer 47,Australia,Consumer,2024-11-15
CUST000048,Customer 48,Philippines,Enterprise,2026-03-12
CUST000049,Customer 49,Indonesia,Enterprise,2024-09-07
CUST000050,Customer 50,Indonesia,SMB,2025-06-15
CUST000051,Customer 51,Philippines,Enterprise,2026-09-17
CUST000052,Customer 52,New Zealand,Enterprise,2023-11-07
CUST000053,Customer 53,New Zealand,SMB,2026-01-01
CUST000054,Customer 54,Malaysia,SMB,2023-08-03
CUST000055,Customer 55,Indonesia,Enterprise,2025-08-06
CUST000056,Customer 56,Philippines,Enterprise,2023-05-10
CUST000057,Customer 57,India,Consumer,2025-12-27
CUST000058,Customer 58,Singapore,Enterprise,2026-09-09
CUST000059,Customer 59,Philippines,Enterprise,2025-06-27
CUST000060,Customer 60,Indonesia,Consumer,2022-02-09
CUST000061,Customer 61,Singapore,SMB,2023-08-29
CUST000062,Customer 62,Indonesia,Enterprise,2026-07-01
CUST000063,Customer 63,Singapore,Enterprise,2021-11-13
CUST000064,Customer 64,Indonesia,Consumer,2022-01-22
CUST000065,Customer 65,Singapore,Consumer,2025-12-14
CUST000066,Customer 66,Philippines,Enterprise,2024-08-08
CUST000067,Customer 67,Malaysia,Consumer,2025-01-07
CUST000068,Customer 68,Singapore,Enterprise,2026-07-27
CUST000069,Customer 69,India,Consumer,2025-08-02
CUST000070,Customer 70,New Zealand,Enterprise,2022-11-12
CUST000071,Customer 71,Malaysia,Consumer,2024-04-11
CUST000072,Customer 72,Malaysia,SMB,2025-02-13
CUST000073,Customer 73,Philippines,Enterprise,2023-06-09
CUST000074,Customer 74,Indonesia,Consumer,2024-05-05
CUST000075,Customer 75,Indonesia,Enterprise,2024-08-07
CUST000076,Customer 76,Philippines,Enterprise,2024-09-29
CUST000077,Customer 77,Indonesia,Enterprise,2022-01-08
CUST000078,Customer 78,Singapore,Consumer,2026-07-01
CUST000079,Customer 79,Australia,Enterprise,2026-06-28
CUST000080,Customer 80,Indonesia,Enterprise,2026-03-03
CUST000081,Customer 81,Singapore,Consumer,2026-02-14
CUST000082,Customer 82,Malaysia,Enterprise,2024-04-24
CUST000083,Customer 83,Singapore,Enterprise,2023-12-31
CUST000084,Customer 84,Singapore,SMB,2026-02-13
CUST000085,Customer 85,Philippines,SMB,2026-06-09
CUST000086,Customer 86,Malaysia,Enterprise,2022-09-26
CUST000087,Customer 87,Indonesia,SMB,2025-06-17
CUST000088,Customer 88,Philippines,Consumer,2026-07-02
CUST000089,Customer 89,India,Enterprise,2025-10-26
CUST000090,Customer 90,Australia,SMB,2026-05-18
CUST000091,Customer 91,New Zealand,SMB,2024-01-18
CUST000092,Customer 92,Australia,SMB,2022-05-07
CUST000093,Customer 93,Philippines,Enterprise,2026-04-24
CUST000094,Customer 94,Malaysia,Consumer,2021-11-29
CUST000095,Customer 95,New Zealand,Consumer,2022-08-02
CUST000096,Customer 96,Philippines,Enterprise,2023-10-12
CUST000097,Customer 97,India,Consumer,2023-07-12
CUST000098,Customer 98,India,SMB,2024-01-02
CUST000099,Customer 99,Indonesia,Enterprise,2024-07-04
CUST000100,Customer 100,Indonesia,Consumer,2025-10-16
CUST000101,Customer 101,New Zealand,Enterprise,2025-03-31
CUST000102,Customer 102,Australia,Consumer,2023-12-09
CUST000103,Customer 103,Indonesia,Consumer,2022-04-25
CUST000104,Customer 104,India,Enterprise,2026-09-06
CUST000105,Customer 105,Singapore,Consumer,2021-11-01
CUST000106,Customer 106,Malaysia,Consumer,2023-11-13
CUST000107,Customer 107,Philippines,Consumer,2023-04-28
CUST000108,Customer 108,New Zealand,SMB,2025-07-31
CUST000109,Customer 109,Indonesia,Consumer,2024-09-07
CUST000110,Customer 110,India,SMB,2025-06-30
CUST000111,Customer 111,New Zealand,SMB,2024-01-01
CUST000112,Customer 112,New Zealand,Consumer,2022-02-27
CUST000113,Customer 113,Malaysia,Enterprise,2023-10-30
CUST000114,Customer 114,Australia,Consumer,2024-07-07
CUST000115,Customer 115,Australia,SMB,2025-06-30
CUST000116,Customer 116,Indonesia,SMB,2022-05-12
CUST000117,Customer 117,Malaysia,SMB,2026-08-10
CUST000118,Customer 118,Philippines,SMB,2023-04-18
CUST000119,Customer 119,Malaysia,Enterprise,2024-03-06
CUST000120,Customer 120,Australia,Enterprise,2024-05-19
CUST000121,Customer 121,New Zealand,Consumer,2023-04-19
CUST000122,Customer 122,New Zealand,Consumer,2023-11-16
CUST000123,Customer 123,Philippines,SMB,2025-04-07
CUST000124,Customer 124,Indonesia,Consumer,2022-11-02
CUST000125,Customer 125,Australia,SMB,2023-08-26
CUST000126,Customer 126,New Zealand,Consumer,2022-05-13
CUST000127,Customer 127,Indonesia,Consumer,2025-07-07
CUST000128,Customer 128,Philippines,SMB,2022-09-24
CUST000129,Customer 129,New Zealand,Enterprise,2025-06-30
CUST000130,Customer 130,Indonesia,Enterprise,2024-09-03
CUST000131,Customer 131,India,Consumer,2025-12-08
CUST000132,Customer 132,Australia,SMB,2024-10-10
CUST000133,Customer 133,Malaysia,Enterprise,2026-07-14
CUST000134,Customer 134,Indonesia,Consumer,2024-07-07
CUST000135,Customer 135,Philippines,Consumer,2024-02-24
CUST000136,Customer 136,Indonesia,Consumer,2026-05-18
CUST000137,Customer 137,Australia,SMB,2022-02-26
CUST000138,Customer 138,Malaysia,SMB,2026-05-22
CUST000139,Customer 139,Australia,Enterprise,2025-12-31
CUST000140,Customer 140,Philippines,Consumer,2023-12-09
CUST000141,Customer 141,New Zealand,Consumer,2023-12-04
CUST000142,Customer 142,Australia,SMB,2023-07-25
CUST000143,Customer 143,New Zealand,SMB,2024-08-31
CUST000144,Customer 144,New Zealand,Enterprise,2025-04-02
CUST000145,Customer 145,Australia,SMB,2024-06-13
CUST000146,Customer 146,Indonesia,Consumer,2021-12-07
CUST000147,Customer 147,India,Consumer,2023-07-31
CUST000148,Customer 148,Malaysia,SMB,2025-10-15
CUST000149,Customer 149,Australia,Consumer,2024-10-17
CUST000150,Customer 150,Malaysia,Enterprise,2023-12-24
CUST000151,Customer 151,Indonesia,Enterprise,2026-06-04
CUST000152,Customer 152,Australia,SMB,2025-02-24
CUST000153,Customer 153,Australia,Enterprise,2023-02-01
CUST000154,Customer 154,Australia,SMB,2025-05-20
CUST000155,Customer 155,Indonesia,SMB,2025-03-24
CUST000156,Customer 156,Philippines,Enterprise,2026-07-03
CUST000157,Customer 157,Indonesia,Enterprise,2021-10-25
CUST000158,Customer 158,Philippines,Consumer,2022-06-07
CUST000159,Customer 159,Malaysia,Enterprise,2023-02-13
CUST000160,Customer 160,Indonesia,SMB,2022-03-26
CUST000161,Customer 161,Malaysia,SMB,2025-07-13
CUST000162,Customer 162,Malaysia,Consumer,2024-01-06
CUST000163,Customer 163,Malaysia,SMB,2023-12-19
CUST000164,Customer 164,Singapore,Consumer,2022-07-21
CUST000165,Customer 165,Indonesia,Enterprise,2025-03-29
CUST000166,Customer 166,New Zealand,Enterprise,2024-06-24
CUST000167,Customer 167,New Zealand,Consumer,2023-02-22
CUST000168,Customer 168,Indonesia,SMB,2023-12-28
CUST000169,Customer 169,Singapore,SMB,2023-04-04
CUST000170,Customer 170,India,SMB,2026-01-27
CUST000171,Customer 171,Australia,SMB,2022-05-25
CUST000172,Customer 172,Australia,Consumer,2023-11-27
CUST000173,Customer 173,Indonesia,Consumer,2025-03-24
CUST000174,Customer 174,India,Enterprise,2022-09-27
CUST000175,Customer 175,Singapore,SMB,2025-01-27
CUST000176,Customer 176,India,Enterprise,2025-11-04
CUST000177,Customer 177,Indonesia,SMB,2025-08-31
CUST000178,Customer 178,Singapore,SMB,2026-08-01
CUST000179,Customer 179,New Zealand,Consumer,2022-04-05
CUST000180,Customer 180,Philippines,Enterprise,2024-02-14
CUST000181,Customer 181,Singapore,Enterprise,2021-12-07
CUST000182,Customer 182,Philippines,SMB,2025-07-09
CUST000183,Customer 183,Malaysia,Enterprise,2025-08-10
CUST000184,Customer 184,India,Enterprise,2024-07-28
CUST000185,Customer 185,Australia,Enterprise,2022-07-14
CUST000186,Customer 186,Australia,SMB,2026-03-22
CUST000187,Customer 187,Singapore,SMB,2023-04-10
CUST000188,Customer 188,Indonesia,SMB,2024-06-30
CUST000189,Customer 189,Malaysia,SMB,2024-03-15
CUST000190,Customer 190,Indonesia,Enterprise,2025-07-17
CUST000191,Customer 191,Malaysia,Consumer,2025-09-10
CUST000192,Customer 192,Australia,Consumer,2024-04-24
CUST000193,Customer 193,Australia,Enterprise,2026-03-03
CUST000194,Customer 194,India,SMB,2025-05-21
CUST000195,Customer 195,Singapore,Enterprise,2023-05-16
CUST000196,Customer 196,Indonesia,Consumer,2023-04-13
CUST000197,Customer 197,India,SMB,2023-03-11
CUST000198,Customer 198,Malaysia,SMB,2026-08-25
CUST000199,Customer 199,New Zealand,Consumer,2023-09-12
CUST000200,Customer 200,New Zealand,Consumer,2021-11-28
CUST000201,Customer 201,Indonesia,Consumer,2022-10-09
CUST000202,Customer 202,India,Consumer,2023-12-25
CUST000203,Customer 203,Indonesia,Consumer,2023-12-12
CUST000204,Customer 204,Singapore,Enterprise,2025-06-07
CUST000205,Customer 205,New Zealand,Enterprise,2025-02-16
CUST000206,Customer 206,Australia,Consumer,2023-05-14
CUST000207,Customer 207,India,Enterprise,2024-01-14
CUST000208,Customer 208,Indonesia,Enterprise,2025-11-28
CUST000209,Customer 209,Malaysia,SMB,2024-09-17
CUST000210,Customer 210,Indonesia,Enterprise,2025-12-27
CUST000211,Customer 211,Philippines,Consumer,2024-04-28
CUST000212,Customer 212,Philippines,Enterprise,2023-09-16
CUST000213,Customer 213,Philippines,Consumer,2024-10-01
CUST000214,Customer 214,Philippines,Consumer,2024-05-02
CUST000215,Customer 215,New Zealand,Enterprise,2023-04-29
CUST000216,Customer 216,New Zealand,Enterprise,2022-05-03
CUST000217,Customer 217,New Zealand,Consumer,2024-04-23
CUST000218,Customer 218,New Zealand,Enterprise,2021-09-27
CUST000219,Customer 219,Indonesia,Enterprise,2024-04-13
CUST000220,Customer 220,Malaysia,SMB,2024-07-20
CUST000221,Customer 221,New Zealand,SMB,2023-01-19
CUST000222,Customer 222,Philippines,Enterprise,2025-10-03
CUST000223,Customer 223,Indonesia,Enterprise,2026-06-19
CUST000224,Customer 224,Malaysia,Consumer,2026-02-02
CUST000225,Customer 225,Indonesia,Enterprise,2025-08-26
CUST000226,Customer 226,India,SMB,2022-11-13
CUST000227,Customer 227,Indonesia,Consumer,2026-04-01
CUST000228,Customer 228,New Zealand,SMB,2022-11-29
CUST000229,Customer 229,New Zealand,Consumer,2021-09-24
CUST000230,Customer 230,India,Consumer,2025-11-15
CUST000231,Customer 231,Indonesia,Enterprise,2025-09-03
CUST000232,Customer 232,Australia,Consumer,2025-09-26
CUST000233,Customer 233,New Zealand,SMB,2022-05-24
CUST000234,Customer 234,India,Enterprise,2022-08-30
CUST000235,Customer 235,New Zealand,SMB,2024-03-16
CUST000236,Customer 236,Australia,Enterprise,2025-12-18
CUST000237,Customer 237,Philippines,Consumer,2025-01-29
CUST000238,Customer 238,Philippines,SMB,2022-02-22
CUST000239,Customer 239,Singapore,Consumer,2024-05-05
CUST000240,Customer 240,Malaysia,Consumer,2022-07-27
CUST000241,Customer 241,India,SMB,2023-09-26
CUST000242,Customer 242,Singapore,Consumer,2026-06-04
CUST000243,Customer 243,New Zealand,Consumer,2024-08-27
CUST000244,Customer 244,Singapore,Enterprise,2023-08-15
CUST000245,Customer 245,Australia,Consumer,2022-03-03
CUST000246,Customer 246,New Zealand,Enterprise,2022-08-01
CUST000247,Customer 247,New Zealand,Enterprise,2023-04-04
CUST000248,Customer 248,Philippines,Enterprise,2023-04-20
CUST000249,Customer 249,Philippines,Consumer,2023-08-26
CUST000250,Customer 250,Malaysia,Consumer,2026-08-23
CUST000251,Customer 251,Malaysia,Enterprise,2022-03-02
CUST000252,Customer 252,Malaysia,Enterprise,2025-10-30
CUST000253,Customer 253,Indonesia,SMB,2022-11-06
CUST000254,Customer 254,India,SMB,2022-04-04
CUST000255,Customer 255,Singapore,Enterprise,2026-04-28
CUST000256,Customer 256,India,Enterprise,2022-11-18
CUST000257,Customer 257,New Zealand,SMB,2022-01-20
CUST000258,Customer 258,Indonesia,Consumer,2024-08-25
CUST000259,Customer 259,Singapore,Enterprise,2026-04-02
CUST000260,Customer 260,India,Enterprise,2021-12-15
CUST000261,Customer 261,Indonesia,Enterprise,2022-05-08
CUST000262,Customer 262,New Zealand,SMB,2023-08-15
CUST000263,Customer 263,Singapore,Enterprise,2023-02-01
CUST000264,Customer 264,Singapore,SMB,2023-02-23
CUST000265,Customer 265,India,Consumer,2024-12-11
CUST000266,Customer 266,Indonesia,Enterprise,2026-08-27
CUST000267,Customer 267,Indonesia,SMB,2025-10-20
CUST000268,Customer 268,India,Enterprise,2024-12-20
CUST000269,Customer 269,Singapore,SMB,2026-06-19
CUST000270,Customer 270,Singapore,Consumer,2023-03-25
CUST000271,Customer 271,India,Enterprise,2023-03-04
CUST000272,Customer 272,Indonesia,SMB,2022-12-30
CUST000273,Customer 273,Malaysia,Consumer,2026-07-30
CUST000274,Customer 274,India,Consumer,2024-02-11
CUST000275,Customer 275,Singapore,SMB,2023-08-10
CUST000276,Customer 276,Philippines,Consumer,2023-03-15
CUST000277,Customer 277,Malaysia,Consumer,2025-04-04
CUST000278,Customer 278,Singapore,SMB,2024-12-03
CUST000279,Customer 279,Philippines,SMB,2021-12-21
CUST000280,Customer 280,Philippines,Enterprise,2023-11-06
CUST000281,Customer 281,Australia,Consumer,2023-09-30
CUST000282,Customer 282,Indonesia,Consumer,2025-08-04
CUST000283,Customer 283,India,Enterprise,2023-05-02
CUST000284,Customer 284,Australia,Consumer,2022-07-01
CUST000285,Customer 285,Australia,Consumer,2024-03-01
CUST000286,Customer 286,Malaysia,SMB,2022-10-28
CUST000287,Customer 287,Australia,Enterprise,2026-07-27
CUST000288,Customer 288,India,SMB,2025-03-01
CUST000289,Customer 289,Indonesia,Enterprise,2022-09-14
CUST000290,Customer 290,Philippines,Enterprise,2022-06-25
CUST000291,Customer 291,Indonesia,Enterprise,2025-07-20
CUST000292,Customer 292,Australia,Enterprise,2022-10-27
CUST000293,Customer 293,Philippines,Enterprise,2022-09-16
CUST000294,Customer 294,Malaysia,Consumer,2024-07-11
CUST000295,Customer 295,India,SMB,2025-04-26
CUST000296,Customer 296,New Zealand,Consumer,2021-10-27
CUST000297,Customer 297,Australia,SMB,2022-08-22
CUST000298,Customer 298,Australia,Enterprise,2022-08-19
CUST000299,Customer 299,Australia,SMB,2023-09-19
CUST000300,Customer 300,Philippines,Enterprise,2025-12-22
CUST000301,Customer 301,Indonesia,SMB,2021-10-02
CUST000302,Customer 302,New Zealand,Enterprise,2026-08-01
CUST000303,Customer 303,Malaysia,Enterprise,2025-02-05
CUST000304,Customer 304,Malaysia,SMB,2022-06-30
CUST000305,Customer 305,Australia,Consumer,2026-01-15
CUST000306,Customer 306,Indonesia,Enterprise,2026-09-08
CUST000307,Customer 307,Philippines,SMB,2022-07-12
CUST000308,Customer 308,New Zealand,Enterprise,2025-03-01
CUST000309,Customer 309,Indonesia,Enterprise,2022-06-20
CUST000310,Customer 310,Indonesia,Enterprise,2023-06-17
CUST000311,Customer 311,Australia,Enterprise,2025-12-29
CUST000312,Customer 312,New Zealand,SMB,2025-07-10
CUST000313,Customer 313,India,SMB,2022-03-18
CUST000314,Customer 314,Philippines,Enterprise,2023-10-16
CUST000315,Customer 315,Philippines,Consumer,2022-02-09
CUST000316,Customer 316,Malaysia,SMB,2022-04-04
CUST000317,Customer 317,Singapore,Consumer,2024-10-13
CUST000318,Customer 318,Philippines,Enterprise,2023-01-27
CUST000319,Customer 319,Philippines,Consumer,2021-12-02
CUST000320,Customer 320,Singapore,Enterprise,2022-03-18
CUST000321,Customer 321,Singapore,Enterprise,2023-05-02
CUST000322,Customer 322,New Zealand,SMB,2026-01-09
CUST000323,Customer 323,Indonesia,Enterprise,2026-05-12
CUST000324,Customer 324,Indonesia,Enterprise,2024-10-29
CUST000325,Customer 325,Philippines,Consumer,2025-12-28
CUST000326,Customer 326,Philippines,SMB,2025-03-05
CUST000327,Customer 327,Malaysia,Consumer,2025-01-21
CUST000328,Customer 328,Malaysia,Consumer,2023-06-19
CUST000329,Customer 329,Australia,SMB,2024-01-14
CUST000330,Customer 330,Australia,SMB,2023-07-28
CUST000331,Customer 331,Malaysia,Consumer,2023-10-05
CUST000332,Customer 332,Singapore,Enterprise,2022-08-29
CUST000333,Customer 333,Singapore,SMB,2023-09-04
CUST000334,Customer 334,Philippines,SMB,2022-08-11
CUST000335,Customer 335,New Zealand,Enterprise,2022-05-21
CUST000336,Customer 336,Malaysia,Enterprise,2026-08-05
CUST000337,Customer 337,Singapore,Enterprise,2023-02-28
CUST000338,Customer 338,Indonesia,SMB,2025-06-12
CUST000339,Customer 339,Singapore,Enterprise,2026-03-10
CUST000340,Customer 340,Philippines,SMB,2023-09-22
CUST000341,Customer 341,Indonesia,Enterprise,2024-06-09
CUST000342,Customer 342,Philippines,Consumer,2024-08-12
CUST000343,Customer 343,Indonesia,Consumer,2025-05-05
CUST000344,Customer 344,India,SMB,2022-08-25
CUST000345,Customer 345,Indonesia,Consumer,2022-06-20
CUST000346,Customer 346,Philippines,Enterprise,2022-10-21
CUST000347,Customer 347,New Zealand,SMB,2022-11-25
CUST000348,Customer 348,Philippines,Consumer,2023-08-02
CUST000349,Customer 349,Singapore,SMB,2022-07-16
CUST000350,Customer 350,Indonesia,Consumer,2025-03-01
CUST000351,Customer 351,Indonesia,Enterprise,2026-08-06
CUST000352,Customer 352,Philippines,Consumer,2022-03-20
CUST000353,Customer 353,Singapore,Consumer,2025-07-01
CUST000354,Customer 354,New Zealand,SMB,2022-08-15
CUST000355,Customer 355,Philippines,SMB,2022-08-29
CUST000356,Customer 356,Indonesia,Consumer,2024-10-13
CUST000357,Customer 357,India,SMB,2026-03-03
CUST000358,Customer 358,Singapore,SMB,2025-07-20
CUST000359,Customer 359,Australia,Consumer,2025-09-13
CUST000360,Customer 360,India,Consumer,2026-02-18
CUST000361,Customer 361,India,Consumer,2023-05-11
CUST000362,Customer 362,Australia,SMB,2024-11-11
CUST000363,Customer 363,India,Enterprise,2025-07-03
CUST000364,Customer 364,Malaysia,SMB,2022-01-13
CUST000365,Customer 365,Australia,SMB,2022-11-13
CUST000366,Customer 366,New Zealand,Consumer,2026-06-15
CUST000367,Customer 367,Indonesia,SMB,2022-01-06
CUST000368,Customer 368,Australia,Consumer,2023-02-27
CUST000369,Customer 369,Australia,Enterprise,2023-09-18
CUST000370,Customer 370,Australia,Consumer,2025-11-15
CUST000371,Customer 371,Indonesia,Consumer,2024-04-26
CUST000372,Customer 372,India,Enterprise,2026-09-15
CUST000373,Customer 373,Malaysia,SMB,2025-11-02
CUST000374,Customer 374,Indonesia,Consumer,2022-01-06
CUST000375,Customer 375,New Zealand,Consumer,2022-12-10
CUST000376,Customer 376,Malaysia,Enterprise,2025-03-29
CUST000377,Customer 377,Australia,Consumer,2025-12-12
CUST000378,Customer 378,Australia,SMB,2024-05-01
CUST000379,Customer 379,Philippines,SMB,2024-11-20
CUST000380,Customer 380,Indonesia,Consumer,2022-01-02
CUST000381,Customer 381,Indonesia,Consumer,2021-11-29
CUST000382,Customer 382,Singapore,SMB,2022-02-07
CUST000383,Customer 383,New Zealand,Consumer,2026-07-16
CUST000384,Customer 384,India,Consumer,2023-03-19
CUST000385,Customer 385,Indonesia,Enterprise,2024-06-22
CUST000386,Customer 386,Philippines,SMB,2023-10-23
CUST000387,Customer 387,Malaysia,SMB,2022-02-11
CUST000388,Customer 388,Australia,SMB,2024-01-13
CUST000389,Customer 389,Indonesia,Enterprise,2025-06-11
CUST000390,Customer 390,Indonesia,Enterprise,2024-07-29
CUST000391,Customer 391,Indonesia,Enterprise,2026-07-20
CUST000392,Customer 392,India,Enterprise,2023-06-02
CUST000393,Customer 393,India,SMB,2022-09-15
CUST000394,Customer 394,Singapore,Consumer,2025-07-24
CUST000395,Customer 395,Indonesia,SMB,2024-07-25
CUST000396,Customer 396,Philippines,Consumer,2021-09-27
CUST000397,Customer 397,Philippines,Enterprise,2022-01-21
CUST000398,Customer 398,Australia,Enterprise,2023-07-28
CUST000399,Customer 399,India,Consumer,2025-11-29
CUST000400,Customer 400,Indonesia,Enterprise,2026-08-24
CUST000401,Customer 401,Australia,Consumer,2024-01-05
CUST000402,Customer 402,Malaysia,SMB,2024-11-06
CUST000403,Customer 403,Singapore,Enterprise,2024-11-06
CUST000404,Customer 404,Malaysia,SMB,2024-01-18
CUST000405,Customer 405,Malaysia,SMB,2024-10-18
CUST000406,Customer 406,Malaysia,Consumer,2022-08-29
CUST000407,Customer 407,Philippines,Consumer,2026-05-27
CUST000408,Customer 408,Singapore,Enterprise,2022-02-11
CUST000409,Customer 409,Philippines,Enterprise,2022-02-25
CUST000410,Customer 410,New Zealand,Consumer,2023-12-28
CUST000411,Customer 411,Indonesia,Enterprise,2022-05-27
CUST000412,Customer 412,India,SMB,2022-05-23
CUST000413,Customer 413,Singapore,Enterprise,2022-08-06
CUST000414,Customer 414,New Zealand,SMB,2025-02-14
CUST000415,Customer 415,India,Consumer,2025-08-18
CUST000416,Customer 416,India,Consumer,2025-10-06
CUST005393,Customer 5393,India,SMB,2025-10-24
CUST000417,Customer 417,New Zealand,Consumer,2022-10-21
CUST000418,Customer 418,Malaysia,Enterprise,2025-07-30
CUST000419,Customer 419,Australia,Enterprise,2026-08-13
CUST000420,Customer 420,India,SMB,2021-11-30
CUST000421,Customer 421,India,Consumer,2022-08-18
CUST000422,Customer 422,Indonesia,Enterprise,2024-07-28
CUST000423,Customer 423,Singapore,Consumer,2022-12-21
CUST000424,Customer 424,Australia,Enterprise,2023-08-26
CUST000425,Customer 425,Australia,Consumer,2025-12-30
CUST000426,Customer 426,Philippines,Enterprise,2023-06-19
CUST000427,Customer 427,Indonesia,Enterprise,2025-10-23
CUST000428,Customer 428,Malaysia,Consumer,2024-08-01
CUST000429,Customer 429,Philippines,Consumer,2021-11-28
CUST000430,Customer 430,Malaysia,SMB,2021-11-27
CUST000431,Customer 431,Malaysia,Enterprise,2025-06-01
CUST000432,Customer 432,Indonesia,Consumer,2021-12-26
CUST000433,Customer 433,India,SMB,2025-12-21
CUST000434,Customer 434,New Zealand,Enterprise,2023-10-06
CUST000435,Customer 435,Philippines,SMB,2023-12-29
CUST000436,Customer 436,Singapore,Enterprise,2024-08-07
CUST000437,Customer 437,Malaysia,SMB,2023-07-19
CUST000438,Customer 438,Malaysia,SMB,2025-06-05
CUST000439,Customer 439,Indonesia,Consumer,2024-05-03
CUST000440,Customer 440,Indonesia,SMB,2022-05-08
CUST000441,Customer 441,Malaysia,Enterprise,2024-06-21
CUST000442,Customer 442,India,Enterprise,2023-01-17
CUST000443,Customer 443,Malaysia,SMB,2025-05-13
CUST000444,Customer 444,Singapore,Consumer,2024-08-11
CUST000445,Customer 445,India,Enterprise,2022-02-19
CUST000446,Customer 446,India,Enterprise,2023-08-20
CUST000447,Customer 447,Philippines,SMB,2023-04-25
CUST000448,Customer 448,Australia,SMB,2022-03-30
CUST000449,Customer 449,New Zealand,Enterprise,2026-05-16
CUST000450,Customer 450,Indonesia,Enterprise,2023-05-04
CUST000451,Customer 451,Australia,Consumer,2026-07-16
CUST000452,Customer 452,India,SMB,2026-09-16
CUST000453,Customer 453,Singapore,SMB,2024-04-18
CUST000454,Customer 454,Malaysia,Enterprise,2024-11-07
CUST000455,Customer 455,India,SMB,2025-01-17
CUST000456,Customer 456,India,Enterprise,2025-01-30
CUST000457,Customer 457,India,Enterprise,2021-10-13
CUST000458,Customer 458,New Zealand,SMB,2022-04-20
CUST000459,Customer 459,New Zealand,Consumer,2026-02-17
CUST000460,Customer 460,New Zealand,SMB,2025-01-18
CUST000461,Customer 461,Philippines,Consumer,2024-04-01
CUST000462,Customer 462,Philippines,SMB,2026-02-10
CUST000463,Customer 463,Malaysia,SMB,2022-01-04
CUST000464,Customer 464,Malaysia,Enterprise,2021-11-06
CUST000465,Customer 465,Philippines,Enterprise,2022-10-05
CUST000466,Customer 466,New Zealand,Consumer,2024-04-11
CUST000467,Customer 467,Australia,SMB,2026-01-24
CUST000468,Customer 468,India,Consumer,2022-02-27
CUST000469,Customer 469,New Zealand,SMB,2025-06-12
CUST000470,Customer 470,New Zealand,Consumer,2022-09-21
CUST000471,Customer 471,Malaysia,SMB,2025-06-05
CUST000472,Customer 472,Philippines,SMB,2024-07-18
CUST000473,Customer 473,Philippines,Enterprise,2022-05-09
CUST000474,Customer 474,Malaysia,Consumer,2026-05-06
CUST000475,Customer 475,Singapore,Consumer,2024-05-14
CUST000476,Customer 476,Australia,Consumer,2024-10-30
CUST000477,Customer 477,Philippines,Consumer,2024-07-22
CUST000478,Customer 478,Australia,Consumer,2024-02-02
CUST000479,Customer 479,Singapore,Consumer,2024-10-25
CUST000480,Customer 480,Australia,SMB,2022-10-16
CUST000481,Customer 481,India,Enterprise,2023-12-17
CUST000482,Customer 482,India,Enterprise,2021-11-13
CUST000483,Customer 483,Singapore,SMB,2026-04-23
CUST000484,Customer 484,Malaysia,SMB,2023-11-12
CUST000485,Customer 485,New Zealand,Enterprise,2022-07-14
CUST000486,Customer 486,Malaysia,SMB,2022-02-25
CUST000487,Customer 487,Philippines,Consumer,2025-01-17
CUST000488,Customer 488,Indonesia,Enterprise,2026-02-28
CUST000489,Customer 489,India,SMB,2026-04-03
CUST000490,Customer 490,Australia,Consumer,2021-10-05
CUST000491,Customer 491,Malaysia,SMB,2022-07-30
CUST000492,Customer 492,Philippines,Consumer,2023-12-09
CUST000493,Customer 493,Indonesia,SMB,2023-06-01
CUST000494,Customer 494,New Zealand,Consumer,2023-08-24
CUST000495,Customer 495,Philippines,Consumer,2025-12-06
CUST000496,Customer 496,India,SMB,2022-08-22
CUST000497,Customer 497,New Zealand,Enterprise,2022-03-12
CUST000498,Customer 498,Singapore,SMB,2022-04-18
CUST000499,Customer 499,Malaysia,Enterprise,2023-11-18
CUST000500,Customer 500,Singapore,Consumer,2022-03-20
CUST000501,Customer 501,India,SMB,2022-12-02
CUST000502,Customer 502,Australia,Consumer,2023-05-23
CUST000503,Customer 503,Singapore,Enterprise,2025-11-13
CUST000504,Customer 504,Malaysia,Enterprise,2026-08-09
CUST000505,Customer 505,New Zealand,Consumer,2025-11-25
CUST000506,Customer 506,New Zealand,SMB,2023-01-22
CUST000507,Customer 507,Philippines,Consumer,2025-09-16
CUST000508,Customer 508,India,Consumer,2022-09-19
CUST000509,Customer 509,Australia,Enterprise,2024-03-06
CUST000510,Customer 510,Malaysia,Consumer,2025-05-23
CUST000511,Customer 511,Philippines,SMB,2023-03-10
CUST000512,Customer 512,Philippines,Enterprise,2025-03-17
CUST000513,Customer 513,Philippines,Enterprise,2022-02-05
CUST000514,Customer 514,Australia,Consumer,2024-03-20
CUST000515,Customer 515,Singapore,Consumer,2023-03-31
CUST000516,Customer 516,Philippines,Consumer,2026-01-29
CUST000517,Customer 517,Australia,SMB,2025-04-22
CUST000518,Customer 518,Singapore,Consumer,2023-03-24
CUST000519,Customer 519,New Zealand,Consumer,2025-01-07
CUST000520,Customer 520,Malaysia,Enterprise,2026-09-02
CUST000521,Customer 521,Philippines,Consumer,2024-08-06
CUST000522,Customer 522,Indonesia,SMB,2025-12-24
CUST000523,Customer 523,India,Enterprise,2023-02-03
CUST000524,Customer 524,Indonesia,Enterprise,2024-08-29
CUST000525,Customer 525,New Zealand,Consumer,2025-09-13
CUST000526,Customer 526,Indonesia,SMB,2026-02-22
CUST000527,Customer 527,India,Consumer,2024-01-17
CUST000528,Customer 528,Philippines,Enterprise,2025-07-14
CUST000529,Customer 529,India,Consumer,2022-05-09
CUST000530,Customer 530,Singapore,SMB,2023-03-25
CUST000531,Customer 531,Philippines,Enterprise,2022-07-06
CUST000532,Customer 532,Malaysia,SMB,2025-11-23
CUST000533,Customer 533,Australia,Consumer,2024-09-12
CUST000534,Customer 534,Malaysia,Enterprise,2025-06-29
CUST000535,Customer 535,India,Enterprise,2026-09-05
CUST000536,Customer 536,Malaysia,Enterprise,2025-01-22
CUST000537,Customer 537,New Zealand,Enterprise,2023-01-13
CUST000538,Customer 538,Australia,Enterprise,2024-05-13
CUST000539,Customer 539,Philippines,Consumer,2025-10-11
CUST000540,Customer 540,Philippines,Enterprise,2023-04-04
CUST000541,Customer 541,Philippines,SMB,2022-10-23
CUST000542,Customer 542,Malaysia,Consumer,2023-05-10
CUST000543,Customer 543,Malaysia,Consumer,2024-09-02
CUST000544,Customer 544,Indonesia,Enterprise,2022-02-06
CUST000545,Customer 545,Australia,Consumer,2021-12-02
CUST000546,Customer 546,India,SMB,2024-02-28
CUST000547,Customer 547,Indonesia,Consumer,2023-10-08
CUST000548,Customer 548,Australia,Consumer,2023-01-06
CUST000549,Customer 549,New Zealand,Consumer,2022-08-01
CUST000550,Customer 550,India,Enterprise,2022-06-06
CUST000551,Customer 551,Indonesia,SMB,2022-12-25
CUST000552,Customer 552,Singapore,Enterprise,2022-05-01
CUST000553,Customer 553,Australia,SMB,2025-04-21
CUST000554,Customer 554,India,Enterprise,2022-05-09
CUST000555,Customer 555,Singapore,Consumer,2023-11-28
CUST000556,Customer 556,New Zealand,Consumer,2026-08-21
CUST000557,Customer 557,India,SMB,2025-05-03
CUST000558,Customer 558,Australia,Consumer,2025-08-28
CUST000559,Customer 559,Philippines,Enterprise,2022-12-26
CUST000560,Customer 560,Philippines,SMB,2026-03-16
CUST000561,Customer 561,Australia,Enterprise,2025-11-07
CUST000562,Customer 562,Indonesia,Enterprise,2022-06-15
CUST000563,Customer 563,Australia,SMB,2021-12-06
CUST000564,Customer 564,India,Enterprise,2024-09-04
CUST000565,Customer 565,India,Consumer,2023-07-20
CUST000566,Customer 566,Malaysia,Enterprise,2025-07-07
CUST000567,Customer 567,Indonesia,Consumer,2025-03-07
CUST000568,Customer 568,Australia,Consumer,2024-12-26
CUST000569,Customer 569,India,SMB,2025-11-21
CUST000570,Customer 570,India,Consumer,2025-09-11
CUST000571,Customer 571,Philippines,Enterprise,2022-04-30
CUST000572,Customer 572,Philippines,SMB,2025-01-04
CUST000573,Customer 573,Philippines,Enterprise,2024-08-08
CUST000574,Customer 574,Singapore,Enterprise,2024-01-19
CUST000575,Customer 575,Singapore,SMB,2024-03-05
CUST000576,Customer 576,Australia,Consumer,2022-01-17
CUST000577,Customer 577,Australia,Consumer,2024-09-07
CUST000578,Customer 578,Malaysia,SMB,2022-12-14
CUST000579,Customer 579,Australia,Enterprise,2023-09-23
CUST000580,Customer 580,Australia,Enterprise,2022-07-23
CUST000581,Customer 581,Indonesia,Enterprise,2026-07-05
CUST000582,Customer 582,Philippines,Consumer,2025-03-11
CUST000583,Customer 583,Malaysia,Consumer,2025-09-24
CUST000584,Customer 584,Malaysia,Consumer,2023-06-18
CUST000585,Customer 585,Singapore,Enterprise,2025-09-03
CUST000586,Customer 586,Indonesia,Enterprise,2023-03-22
CUST000587,Customer 587,Singapore,Consumer,2022-01-12
CUST000588,Customer 588,Malaysia,Consumer,2025-01-02
CUST000589,Customer 589,India,Enterprise,2024-03-05
CUST000590,Customer 590,Philippines,Enterprise,2023-02-26
CUST000591,Customer 591,India,Consumer,2022-01-17
CUST000592,Customer 592,New Zealand,SMB,2025-09-03
CUST000593,Customer 593,Australia,Consumer,2026-01-22
CUST000594,Customer 594,Australia,Consumer,2023-09-19
CUST000595,Customer 595,Indonesia,Consumer,2023-12-08
CUST000596,Customer 596,Malaysia,SMB,2022-07-16
CUST000597,Customer 597,New Zealand,Consumer,2025-04-13
CUST000598,Customer 598,New Zealand,Consumer,2023-05-31
CUST000599,Customer 599,Singapore,Enterprise,2021-11-22
CUST000600,Customer 600,Singapore,Consumer,2022-11-15
CUST000601,Customer 601,Australia,SMB,2026-07-27
CUST000602,Customer 602,India,SMB,2024-11-16
CUST000603,Customer 603,India,SMB,2023-11-20
CUST000604,Customer 604,Australia,Enterprise,2023-03-07
CUST000605,Customer 605,Singapore,Consumer,2025-10-06
CUST000606,Customer 606,Indonesia,Enterprise,2026-08-07
CUST000607,Customer 607,Indonesia,SMB,2023-10-28
CUST000608,Customer 608,India,Enterprise,2025-06-23
CUST000609,Customer 609,Indonesia,Consumer,2022-09-23
CUST000610,Customer 610,Malaysia,Consumer,2026-04-07
CUST000611,Customer 611,Australia,Consumer,2025-07-23
CUST000612,Customer 612,India,Enterprise,2022-11-01
CUST000613,Customer 613,New Zealand,Consumer,2023-08-07
CUST000614,Customer 614,India,SMB,2022-10-20
CUST000615,Customer 615,Malaysia,SMB,2023-03-28
CUST000616,Customer 616,Australia,Enterprise,2024-04-12
CUST000617,Customer 617,Philippines,Consumer,2023-04-21
CUST000618,Customer 618,India,Consumer,2026-06-29
CUST000619,Customer 619,Singapore,Enterprise,2023-10-24
CUST000620,Customer 620,Singapore,SMB,2023-02-20
CUST000621,Customer 621,Indonesia,Enterprise,2023-12-05
CUST000622,Customer 622,Malaysia,SMB,2026-07-22
CUST000623,Customer 623,New Zealand,Consumer,2024-08-05
CUST000624,Customer 624,Indonesia,Enterprise,2024-06-26
CUST000625,Customer 625,Malaysia,SMB,2025-07-20
CUST000626,Customer 626,Australia,SMB,2024-07-18
CUST000627,Customer 627,India,Enterprise,2025-09-25
CUST000628,Customer 628,Malaysia,SMB,2024-02-29
CUST000629,Customer 629,Malaysia,Consumer,2025-05-15
CUST000630,Customer 630,New Zealand,Consumer,2022-06-24
CUST000631,Customer 631,Philippines,Enterprise,2026-01-12
CUST000632,Customer 632,New Zealand,Consumer,2024-01-11
CUST000633,Customer 633,Indonesia,Enterprise,2024-04-15
CUST000634,Customer 634,Singapore,SMB,2022-10-05
CUST000635,Customer 635,India,SMB,2026-06-06
CUST000636,Customer 636,India,Enterprise,2026-07-23
CUST000637,Customer 637,India,Enterprise,2025-10-15
CUST000638,Customer 638,Australia,Consumer,2026-04-07
CUST000639,Customer 639,New Zealand,Consumer,2025-07-27
CUST000640,Customer 640,Malaysia,Enterprise,2026-01-24
CUST000641,Customer 641,Singapore,Consumer,2023-10-23
CUST000642,Customer 642,New Zealand,SMB,2025-11-03
CUST000643,Customer 643,Singapore,SMB,2023-08-10
CUST000644,Customer 644,Malaysia,Consumer,2025-10-29
CUST000645,Customer 645,Malaysia,Consumer,2023-08-03
CUST000646,Customer 646,Indonesia,SMB,2025-12-04
CUST000647,Customer 647,Malaysia,Consumer,2022-08-20
CUST000648,Customer 648,India,Enterprise,2025-10-11
CUST000649,Customer 649,Singapore,Enterprise,2023-07-09
CUST000650,Customer 650,India,Enterprise,2024-09-19
CUST000651,Customer 651,Indonesia,Consumer,2025-09-17
CUST000652,Customer 652,India,SMB,2024-11-07
CUST000653,Customer 653,Indonesia,SMB,2025-01-04
CUST000654,Customer 654,India,Consumer,2022-01-22
CUST000655,Customer 655,India,SMB,2022-07-11
CUST000656,Customer 656,Malaysia,Enterprise,2025-12-06
CUST000657,Customer 657,Malaysia,Consumer,2026-02-03
CUST000658,Customer 658,Philippines,Enterprise,2022-01-12
CUST000659,Customer 659,Indonesia,Consumer,2025-09-21
CUST000660,Customer 660,New Zealand,SMB,2022-06-02
CUST000661,Customer 661,Australia,SMB,2023-05-01
CUST000662,Customer 662,Indonesia,Consumer,2025-09-11
CUST000663,Customer 663,Malaysia,Consumer,2024-12-23
CUST000664,Customer 664,Philippines,Enterprise,2021-12-08
CUST000665,Customer 665,Australia,SMB,2022-02-13
CUST000666,Customer 666,Singapore,Enterprise,2023-08-15
CUST000667,Customer 667,Indonesia,Enterprise,2025-02-10
CUST000668,Customer 668,Indonesia,SMB,2022-12-17
CUST000669,Customer 669,Indonesia,Enterprise,2025-03-23
CUST000670,Customer 670,Philippines,Consumer,2025-01-18
CUST000671,Customer 671,Singapore,Consumer,2026-06-28
CUST000672,Customer 672,New Zealand,Consumer,2025-01-12
CUST000673,Customer 673,Australia,Consumer,2026-09-18
CUST000674,Customer 674,Singapore,Consumer,2021-10-07
CUST000675,Customer 675,Indonesia,Consumer,2025-08-06
CUST000676,Customer 676,Indonesia,Enterprise,2022-02-17
CUST000677,Customer 677,Singapore,Consumer,2025-10-21
CUST000678,Customer 678,New Zealand,Consumer,2021-09-25
CUST000679,Customer 679,Philippines,Enterprise,2024-09-16
CUST000680,Customer 680,Singapore,Consumer,2023-02-21
CUST000681,Customer 681,Indonesia,Enterprise,2023-08-13
CUST000682,Customer 682,Australia,SMB,2021-12-12
CUST000683,Customer 683,Philippines,Enterprise,2025-07-21
CUST000684,Customer 684,Philippines,SMB,2022-03-21
CUST000685,Customer 685,Malaysia,SMB,2025-06-25
CUST000686,Customer 686,New Zealand,Enterprise,2023-12-24
CUST000687,Customer 687,Indonesia,Enterprise,2024-02-16
CUST000688,Customer 688,New Zealand,SMB,2023-05-27
CUST000689,Customer 689,Singapore,SMB,2021-12-06
CUST000690,Customer 690,Malaysia,Enterprise,2023-05-09
CUST000691,Customer 691,Indonesia,Consumer,2023-07-21
CUST000692,Customer 692,Philippines,SMB,2023-06-06
CUST000693,Customer 693,Australia,Consumer,2024-03-14
CUST000694,Customer 694,Australia,SMB,2023-09-14
CUST000695,Customer 695,Australia,SMB,2025-10-07
CUST000696,Customer 696,Philippines,Consumer,2024-10-20
CUST000697,Customer 697,Indonesia,Consumer,2024-04-25
CUST000698,Customer 698,Singapore,Enterprise,2024-05-02
CUST000699,Customer 699,India,SMB,2026-03-04
CUST000700,Customer 700,Singapore,Enterprise,2021-11-04
CUST000701,Customer 701,Australia,Consumer,2024-02-08
CUST000702,Customer 702,Singapore,Consumer,2024-11-06
CUST000703,Customer 703,Singapore,SMB,2023-09-17
CUST000704,Customer 704,Indonesia,Enterprise,2026-06-23
CUST000705,Customer 705,Australia,Consumer,2025-08-17
CUST000706,Customer 706,Singapore,Enterprise,2024-01-28
CUST000707,Customer 707,Singapore,Enterprise,2024-08-15
CUST000708,Customer 708,Malaysia,Consumer,2022-06-17
CUST000709,Customer 709,New Zealand,Enterprise,2023-02-19
CUST000710,Customer 710,Indonesia,Consumer,2023-02-14
CUST000711,Customer 711,India,Enterprise,2024-08-11
CUST000712,Customer 712,Philippines,SMB,2023-02-14
CUST000713,Customer 713,India,SMB,2023-06-09
CUST000714,Customer 714,Philippines,Consumer,2023-02-10
CUST000715,Customer 715,India,Consumer,2024-07-10
CUST000716,Customer 716,Singapore,Enterprise,2023-08-09
CUST000717,Customer 717,Indonesia,Enterprise,2022-11-30
CUST000718,Customer 718,Singapore,SMB,2023-01-22
CUST000719,Customer 719,India,SMB,2026-09-01
CUST000720,Customer 720,India,SMB,2026-02-09
CUST000721,Customer 721,Indonesia,SMB,2022-10-22
CUST000722,Customer 722,Australia,Consumer,2025-09-28
CUST000723,Customer 723,India,SMB,2025-05-13
CUST000724,Customer 724,Indonesia,Enterprise,2025-09-24
CUST000725,Customer 725,New Zealand,Consumer,2025-07-07
CUST000726,Customer 726,New Zealand,Consumer,2024-05-03
CUST000727,Customer 727,New Zealand,Consumer,2024-11-29
CUST000728,Customer 728,Singapore,Consumer,2025-09-11
CUST000729,Customer 729,India,Consumer,2022-11-24
CUST000730,Customer 730,Philippines,SMB,2026-08-09
CUST000731,Customer 731,Australia,SMB,2025-05-11
CUST000732,Customer 732,Singapore,Enterprise,2025-02-23
CUST000733,Customer 733,New Zealand,Enterprise,2023-09-08
CUST000734,Customer 734,New Zealand,Consumer,2022-04-16
CUST000735,Customer 735,Singapore,Enterprise,2023-11-16
CUST000736,Customer 736,India,SMB,2025-07-07
CUST000737,Customer 737,New Zealand,SMB,2026-06-07
CUST000738,Customer 738,Malaysia,Enterprise,2026-02-13
CUST000739,Customer 739,Philippines,Consumer,2023-09-04
CUST000740,Customer 740,New Zealand,Enterprise,2023-03-28
CUST000741,Customer 741,India,Consumer,2023-11-19
CUST000742,Customer 742,Australia,SMB,2022-12-13
CUST000743,Customer 743,New Zealand,Enterprise,2026-06-18
CUST000744,Customer 744,Australia,Consumer,2022-10-04
CUST000745,Customer 745,India,Consumer,2024-01-01
CUST000746,Customer 746,Indonesia,Enterprise,2022-05-14
CUST000747,Customer 747,Malaysia,Consumer,2025-08-06
CUST000748,Customer 748,Malaysia,Consumer,2025-12-23
CUST000749,Customer 749,India,Consumer,2025-07-22
CUST000750,Customer 750,New Zealand,Enterprise,2024-11-10
CUST000751,Customer 751,Malaysia,SMB,2025-06-12
CUST000752,Customer 752,Singapore,Enterprise,2022-09-09
CUST000753,Customer 753,Malaysia,Consumer,2026-05-19
CUST000754,Customer 754,New Zealand,Enterprise,2026-01-26
CUST000755,Customer 755,Australia,Enterprise,2026-03-05
CUST000756,Customer 756,New Zealand,Consumer,2023-01-04
CUST000757,Customer 757,Philippines,Enterprise,2022-11-10
CUST000758,Customer 758,New Zealand,SMB,2026-08-11
CUST000759,Customer 759,Singapore,Enterprise,2023-03-10
CUST000760,Customer 760,Malaysia,Enterprise,2022-06-26
CUST000761,Customer 761,New Zealand,Consumer,2023-01-26
CUST000762,Customer 762,Australia,SMB,2021-10-20
CUST000763,Customer 763,India,SMB,2022-11-23
CUST000764,Customer 764,Singapore,Consumer,2023-03-15
CUST000765,Customer 765,Philippines,SMB,2026-01-19
CUST000766,Customer 766,New Zealand,Consumer,2021-12-23
CUST000767,Customer 767,India,SMB,2023-01-02
CUST000768,Customer 768,Singapore,Consumer,2025-02-20
CUST000769,Customer 769,Indonesia,Consumer,2026-03-03
CUST000770,Customer 770,India,SMB,2024-11-09
CUST000771,Customer 771,New Zealand,Consumer,2022-05-08
CUST000772,Customer 772,Indonesia,Consumer,2024-06-02
CUST000773,Customer 773,India,SMB,2023-02-09
CUST000774,Customer 774,Singapore,SMB,2023-11-12
CUST000775,Customer 775,Indonesia,Consumer,2021-12-25
CUST000776,Customer 776,Singapore,Consumer,2024-07-30
CUST000777,Customer 777,Singapore,Enterprise,2022-08-22
CUST000778,Customer 778,Malaysia,Consumer,2025-08-03
CUST000779,Customer 779,Philippines,Consumer,2026-06-27
CUST000780,Customer 780,Australia,SMB,2024-11-24
CUST000781,Customer 781,Philippines,Consumer,2024-01-03
CUST000782,Customer 782,Philippines,Enterprise,2023-02-01
CUST000783,Customer 783,Malaysia,Consumer,2025-12-15
CUST000784,Customer 784,India,Enterprise,2023-02-07
CUST000785,Customer 785,India,SMB,2024-02-24
CUST000786,Customer 786,Malaysia,Consumer,2024-03-06
CUST000787,Customer 787,New Zealand,SMB,2022-07-12
CUST000788,Customer 788,Indonesia,Consumer,2022-03-08
CUST000789,Customer 789,Philippines,SMB,2025-06-03
CUST000790,Customer 790,Singapore,SMB,2022-02-25
CUST000791,Customer 791,Indonesia,Consumer,2022-08-22
CUST000792,Customer 792,Indonesia,Consumer,2022-02-05
CUST000793,Customer 793,India,SMB,2026-01-01
CUST000794,Customer 794,Indonesia,SMB,2023-05-02
CUST000795,Customer 795,Indonesia,Enterprise,2026-06-06
CUST000796,Customer 796,New Zealand,SMB,2026-07-31
CUST000797,Customer 797,New Zealand,Consumer,2025-11-16
CUST000798,Customer 798,Indonesia,SMB,2025-04-02
CUST000799,Customer 799,India,Consumer,2023-07-06
CUST000800,Customer 800,India,Enterprise,2024-10-28
CUST000801,Customer 801,Indonesia,SMB,2022-09-15
CUST000802,Customer 802,New Zealand,Enterprise,2025-08-07
CUST000803,Customer 803,Australia,SMB,2022-04-30
CUST000804,Customer 804,Singapore,SMB,2026-06-26
CUST000805,Customer 805,Malaysia,Enterprise,2024-11-15
CUST000806,Customer 806,Malaysia,SMB,2021-10-31
CUST000807,Customer 807,Australia,Consumer,2022-03-06
CUST000808,Customer 808,New Zealand,SMB,2026-08-26
CUST000809,Customer 809,Indonesia,SMB,2025-03-31
CUST000810,Customer 810,India,Consumer,2026-03-16
CUST000811,Customer 811,Indonesia,Consumer,2021-11-23
CUST000812,Customer 812,Malaysia,SMB,2026-01-24
CUST000813,Customer 813,Singapore,SMB,2023-07-28
CUST000814,Customer 814,India,Consumer,2023-02-02
CUST000815,Customer 815,India,Consumer,2025-02-16
CUST000816,Customer 816,Malaysia,Consumer,2021-12-26
CUST000817,Customer 817,New Zealand,Enterprise,2022-07-04
CUST000818,Customer 818,Indonesia,SMB,2023-09-27
CUST000819,Customer 819,Australia,Enterprise,2026-02-05
CUST000820,Customer 820,Philippines,Enterprise,2023-09-01
CUST000821,Customer 821,Singapore,SMB,2024-06-08
CUST000822,Customer 822,Indonesia,SMB,2024-08-29
CUST000823,Customer 823,Australia,Consumer,2026-09-11
CUST000824,Customer 824,Indonesia,SMB,2026-04-07
CUST000825,Customer 825,India,Enterprise,2022-09-18
CUST000826,Customer 826,Malaysia,Consumer,2022-06-30
CUST000827,Customer 827,Malaysia,Consumer,2025-12-15
CUST000828,Customer 828,Singapore,Consumer,2022-11-25
CUST000829,Customer 829,Philippines,SMB,2023-07-06
CUST000830,Customer 830,Philippines,Enterprise,2025-03-27
CUST000831,Customer 831,Philippines,Consumer,2024-07-21
CUST000832,Customer 832,India,Enterprise,2022-12-14
CUST009314,Customer 9314,India,SMB,2025-07-06
CUST000833,Customer 833,New Zealand,Consumer,2022-12-15
CUST000834,Customer 834,New Zealand,Consumer,2023-04-30
CUST000835,Customer 835,Malaysia,Consumer,2022-09-17
CUST000836,Customer 836,New Zealand,SMB,2022-07-25
CUST000837,Customer 837,Australia,Consumer,2026-01-28
CUST000838,Customer 838,Singapore,SMB,2022-04-15
CUST000839,Customer 839,Malaysia,Consumer,2023-03-20
CUST000840,Customer 840,Singapore,SMB,2022-02-02
CUST000841,Customer 841,India,Consumer,2022-03-31
CUST000842,Customer 842,Malaysia,Enterprise,2024-03-28
CUST000843,Customer 843,Malaysia,SMB,2025-06-12
CUST000844,Customer 844,Malaysia,Consumer,2026-07-03
CUST000845,Customer 845,New Zealand,Consumer,2023-03-22
CUST000846,Customer 846,Indonesia,SMB,2023-10-10
CUST000847,Customer 847,Singapore,SMB,2024-04-11
CUST000848,Customer 848,Singapore,Consumer,2023-12-18
CUST000849,Customer 849,India,Enterprise,2025-06-18
CUST000850,Customer 850,Malaysia,Consumer,2022-10-03
CUST000851,Customer 851,Indonesia,Consumer,2022-02-28
CUST000852,Customer 852,New Zealand,Enterprise,2023-09-13
CUST000853,Customer 853,India,Consumer,2021-10-01
CUST000854,Customer 854,Indonesia,SMB,2023-05-22
CUST000855,Customer 855,Singapore,Enterprise,2022-04-06
CUST000856,Customer 856,Philippines,Consumer,2021-10-03
CUST000857,Customer 857,Malaysia,SMB,2023-07-19
CUST000858,Customer 858,Australia,SMB,2023-12-08
CUST000859,Customer 859,New Zealand,Enterprise,2021-11-26
CUST000860,Customer 860,Australia,Enterprise,2023-11-30
CUST000861,Customer 861,Australia,Enterprise,2024-05-19
CUST000862,Customer 862,Philippines,Enterprise,2025-01-01
CUST000863,Customer 863,New Zealand,SMB,2024-07-24
CUST000864,Customer 864,New Zealand,Enterprise,2022-11-16
CUST000865,Customer 865,Singapore,SMB,2026-04-02
CUST000866,Customer 866,Singapore,SMB,2024-01-05
CUST000867,Customer 867,New Zealand,Enterprise,2023-12-19
CUST000868,Customer 868,New Zealand,Enterprise,2022-04-21
CUST000869,Customer 869,Malaysia,Consumer,2024-12-31
CUST000870,Customer 870,India,Consumer,2023-09-04
CUST000871,Customer 871,India,SMB,2025-04-07
CUST000872,Customer 872,Philippines,SMB,2025-03-13
CUST000873,Customer 873,Australia,SMB,2025-12-26
CUST000874,Customer 874,Indonesia,Enterprise,2024-03-01
CUST000875,Customer 875,New Zealand,Consumer,2025-07-27
CUST000876,Customer 876,Philippines,SMB,2024-08-01
CUST000877,Customer 877,New Zealand,Enterprise,2026-06-04
CUST000878,Customer 878,New Zealand,Enterprise,2025-10-29
CUST000879,Customer 879,New Zealand,SMB,2021-11-16
CUST000880,Customer 880,Singapore,Consumer,2023-07-09
CUST000881,Customer 881,Malaysia,Consumer,2022-10-07
CUST000882,Customer 882,India,SMB,2025-03-12
CUST000883,Customer 883,Philippines,SMB,2023-04-02
CUST000884,Customer 884,India,Enterprise,2024-12-15
CUST000885,Customer 885,Australia,Enterprise,2022-06-04
CUST000886,Customer 886,India,SMB,2024-08-09
CUST000887,Customer 887,India,SMB,2023-06-22
CUST000888,Customer 888,Australia,Consumer,2022-12-04
CUST000889,Customer 889,Philippines,SMB,2024-11-11
CUST000890,Customer 890,India,Consumer,2021-10-09
CUST000891,Customer 891,Philippines,Consumer,2022-01-04
CUST000892,Customer 892,Philippines,SMB,2023-09-17
CUST000893,Customer 893,India,Consumer,2024-09-23
CUST000894,Customer 894,India,Consumer,2022-09-14
CUST000895,Customer 895,India,Consumer,2025-06-03
CUST000896,Customer 896,Singapore,SMB,2021-09-25
CUST000897,Customer 897,Philippines,Enterprise,2026-05-11
CUST000898,Customer 898,Malaysia,SMB,2023-02-16
CUST000899,Customer 899,Singapore,Consumer,2023-04-23
CUST000900,Customer 900,Singapore,Consumer,2024-12-17
CUST000901,Customer 901,Philippines,SMB,2025-06-27
CUST000902,Customer 902,New Zealand,Enterprise,2026-09-16
CUST000903,Customer 903,Indonesia,SMB,2024-01-04
CUST000904,Customer 904,India,Consumer,2023-03-21
CUST000905,Customer 905,Philippines,Enterprise,2021-11-12
CUST000906,Customer 906,New Zealand,Enterprise,2025-09-11
CUST000907,Customer 907,India,Enterprise,2024-08-13
CUST000908,Customer 908,Singapore,Enterprise,2022-03-06
CUST000909,Customer 909,Australia,Enterprise,2022-09-22
CUST000910,Customer 910,Australia,Consumer,2025-12-17
CUST000911,Customer 911,Malaysia,Enterprise,2024-12-27
CUST000912,Customer 912,Indonesia,Consumer,2026-03-20
CUST000913,Customer 913,Malaysia,Consumer,2024-07-07
CUST000914,Customer 914,Singapore,Enterprise,2023-11-26
CUST000915,Customer 915,Singapore,Enterprise,2022-02-06
CUST000916,Customer 916,New Zealand,Enterprise,2024-04-19
CUST000917,Customer 917,New Zealand,SMB,2024-08-22
CUST000918,Customer 918,Philippines,SMB,2025-11-24
CUST000919,Customer 919,New Zealand,Enterprise,2026-03-20
CUST000920,Customer 920,Indonesia,SMB,2026-04-08
CUST000921,Customer 921,India,Enterprise,2026-04-22
CUST000922,Customer 922,Malaysia,Consumer,2022-09-04
CUST000923,Customer 923,Indonesia,SMB,2024-03-08
CUST000924,Customer 924,Philippines,SMB,2026-01-26
CUST000925,Customer 925,Singapore,Consumer,2024-02-07
CUST000926,Customer 926,Singapore,Consumer,2022-12-03
CUST000927,Customer 927,Singapore,Enterprise,2026-03-04
CUST000928,Customer 928,Australia,Enterprise,2025-01-15
CUST000929,Customer 929,Malaysia,Consumer,2026-02-23
CUST000930,Customer 930,Singapore,Consumer,2026-08-13
CUST000931,Customer 931,India,Enterprise,2026-01-09
CUST000932,Customer 932,India,Consumer,2023-03-01
CUST000933,Customer 933,Indonesia,Consumer,2025-11-17
CUST000934,Customer 934,India,Enterprise,2023-05-07
CUST000935,Customer 935,Philippines,Consumer,2023-08-13
CUST000936,Customer 936,Philippines,SMB,2026-02-14
CUST000937,Customer 937,New Zealand,Consumer,2025-03-12
CUST000938,Customer 938,Australia,Consumer,2022-02-05
CUST000939,Customer 939,Indonesia,SMB,2023-12-31
CUST000940,Customer 940,Philippines,Consumer,2023-09-13
CUST000941,Customer 941,Malaysia,Enterprise,2024-08-12
CUST000942,Customer 942,Singapore,Enterprise,2025-12-27
CUST000943,Customer 943,Indonesia,Enterprise,2026-04-02
CUST000944,Customer 944,India,Enterprise,2025-03-31
CUST000945,Customer 945,Singapore,Enterprise,2023-12-22
CUST000946,Customer 946,India,SMB,2025-12-13
CUST000947,Customer 947,Philippines,Enterprise,2023-07-02
CUST000948,Customer 948,India,SMB,2021-09-27
CUST000949,Customer 949,Australia,Consumer,2026-06-03
CUST000950,Customer 950,Singapore,Consumer,2023-04-14
CUST000951,Customer 951,India,Consumer,2025-07-06
CUST000952,Customer 952,India,Enterprise,2024-08-22
CUST000953,Customer 953,New Zealand,SMB,2022-03-13
CUST000954,Customer 954,Australia,Enterprise,2026-05-11
CUST000955,Customer 955,Singapore,Consumer,2026-08-31
CUST000956,Customer 956,Philippines,Consumer,2025-07-05
CUST000957,Customer 957,Australia,Enterprise,2025-08-06
CUST000958,Customer 958,New Zealand,Enterprise,2022-12-11
CUST000959,Customer 959,New Zealand,Enterprise,2023-09-29
CUST000960,Customer 960,New Zealand,Enterprise,2022-05-22
CUST000961,Customer 961,New Zealand,SMB,2022-04-26
CUST000962,Customer 962,Indonesia,Consumer,2023-05-04
CUST000963,Customer 963,Malaysia,Consumer,2022-08-23
CUST000964,Customer 964,Singapore,Enterprise,2023-04-04
CUST000965,Customer 965,Australia,SMB,2025-02-27
CUST000966,Customer 966,Australia,Consumer,2023-06-26
CUST000967,Customer 967,Australia,SMB,2025-07-03
CUST000968,Customer 968,Australia,SMB,2022-06-26
CUST000969,Customer 969,Indonesia,Enterprise,2022-02-05
CUST000970,Customer 970,Australia,SMB,2025-05-09
CUST000971,Customer 971,India,SMB,2026-03-14
CUST000972,Customer 972,Philippines,Consumer,2024-02-26
CUST000973,Customer 973,India,SMB,2026-03-06
CUST000974,Customer 974,Singapore,SMB,2026-06-10
CUST000975,Customer 975,Malaysia,SMB,2026-09-05
CUST000976,Customer 976,Indonesia,Enterprise,2024-01-25
CUST000977,Customer 977,Singapore,Consumer,2025-12-16
CUST000978,Customer 978,Indonesia,SMB,2025-08-16
CUST000979,Customer 979,Philippines,Consumer,2025-12-24
CUST000980,Customer 980,New Zealand,Consumer,2025-09-01
CUST000981,Customer 981,India,Consumer,2025-12-21
CUST000982,Customer 982,Australia,Consumer,2024-05-31
CUST000983,Customer 983,India,Consumer,2024-01-27
CUST000984,Customer 984,Indonesia,SMB,2023-05-03
CUST000985,Customer 985,New Zealand,Enterprise,2026-04-16
CUST000986,Customer 986,Indonesia,SMB,2024-03-21
CUST000987,Customer 987,Philippines,Enterprise,2022-09-19
CUST000988,Customer 988,India,SMB,2024-06-26
CUST000989,Customer 989,India,SMB,2025-06-11
CUST000990,Customer 990,Australia,Consumer,2022-03-31
CUST000991,Customer 991,Indonesia,Enterprise,2022-04-27
CUST000992,Customer 992,New Zealand,SMB,2024-07-19
CUST000993,Customer 993,Indonesia,Consumer,2024-08-14
CUST000994,Customer 994,Australia,Consumer,2023-02-03
CUST000995,Customer 995,Malaysia,Consumer,2023-10-14
CUST000996,Customer 996,India,Enterprise,2026-09-13
CUST000997,Customer 997,New Zealand,SMB,2023-03-28
CUST000998,Customer 998,New Zealand,Enterprise,2025-12-19