order_id,customer_id,order_date,order_status,payment_method,sales_channel
ORD0000001,CUST048883,2024-07-06,Cancelled,Debit Card,Partner
ORD0000002,CUST021249,2024-05-08,Cancelled,Bank Transfer,Website
ORD0000003,CUST042789,2026-07-10,Cancelled,Bank Transfer,Mobile App
ORD0000004,CUST048898,2023-09-28,Cancelled,Credit Card,Partner
ORD0000005,CUST033680,2025-07-11,Completed,Credit Card,Partner
ORD0000006,CUST016889,2026-09-16,Cancelled,Digital Wallet,Retail Store
ORD0000007,CUST034812,2025-10-28,Returned,Debit Card,Partner
ORD0000008,CUST033198,2025-06-14,Processing,UPI,Mobile App
ORD0000009,CUST017495,2025-09-16,Completed,Credit Card,Partner
ORD0000010,CUST031753,2024-08-31,Returned,UPI,Retail Store
ORD0000011,CUST043986,2023-10-11,Completed,Digital Wallet,Partner
ORD0000012,CUST042453,2026-04-29,Cancelled,UPI,Retail Store
ORD0000013,CUST026861,2023-12-05,Processing,Bank Transfer,Partner
ORD0000014,CUST026811,2024-11-09,Returned,UPI,Retail Store
ORD0000015,CUST023130,2025-01-28,Completed,Digital Wallet,Retail Store
ORD0000016,CUST042167,2025-01-05,Returned,Credit Card,Retail Store
ORD0000017,CUST020787,2026-05-19,Returned,Bank Transfer,Website
ORD0000018,CUST016442,2025-12-13,Shipped,Debit Card,Mobile App
ORD0000019,CUST007466,2025-01-11,Completed,Credit Card,Retail Store
ORD0000020,CUST025815,2024-11-29,Completed,Digital Wallet,Website
ORD0000021,CUST014288,2024-04-15,Returned,Bank Transfer,Partner
ORD0000022,CUST000528,2025-10-07,Cancelled,Digital Wallet,Partner
ORD0000023,CUST043253,2025-10-12,Completed,Bank Transfer,Partner
ORD0000024,CUST030593,2024-08-25,Returned,UPI,Retail Store
ORD0000025,CUST025292,2024-07-09,Shipped,Debit Card,Retail Store
ORD0000026,CUST017219,2026-07-04,Cancelled,Credit Card,Website
ORD0000027,CUST025904,2024-03-02,Processing,Digital Wallet,Mobile App
ORD0000028,CUST045406,2026-07-02,Completed,Debit Card,Website
ORD0000029,CUST036802,2024-01-04,Processing,Digital Wallet,Mobile App
ORD0000030,CUST017012,2026-07-04,Returned,Debit Card,Website
ORD0000031,CUST023227,2025-01-22,Returned,Credit Card,Website
ORD0000032,CUST011341,2024-10-22,Shipped,Debit Card,Partner
ORD0000033,CUST043327,2026-09-14,Returned,Digital Wallet,Retail Store
ORD0000034,CUST042843,2025-12-29,Processing,Digital Wallet,Retail Store
ORD0000035,CUST040495,2024-12-12,Shipped,Debit Card,Website
ORD0000036,CUST033913,2024-04-05,Returned,UPI,Retail Store
ORD0000037,CUST001100,2026-08-24,Shipped,UPI,Website
ORD0000038,CUST004946,2025-08-03,Cancelled,Bank Transfer,Partner
ORD0000039,CUST005096,2024-03-28,Returned,Digital Wallet,Retail Store
ORD0000040,CUST025244,2024-06-18,Cancelled,Digital Wallet,Retail Store
ORD0000041,CUST040211,2024-06-30,Returned,Credit Card,Retail Store
ORD0000042,CUST004009,2025-12-18,Cancelled,Bank Transfer,Mobile App
ORD0000043,CUST045296,2026-05-23,Cancelled,Credit Card,Website
ORD0000044,CUST021967,2025-09-02,Shipped,Debit Card,Website
ORD0000045,CUST002372,2026-04-15,Returned,Digital Wallet,Retail Store
ORD0000046,CUST004403,2026-06-27,Returned,Digital Wallet,Mobile App
ORD0000047,CUST021055,2024-09-24,Shipped,Debit Card,Website
ORD0000048,CUST040038,2026-09-12,Cancelled,Digital Wallet,Website
ORD0000049,CUST018289,2023-11-14,Processing,Bank Transfer,Partner
ORD0000050,CUST045637,2026-06-05,Completed,Debit Card,Retail Store
ORD0000051,CUST042622,2026-09-10,Shipped,Digital Wallet,Mobile App
ORD0000052,CUST008676,2024-05-29,Completed,Credit Card,Website
ORD0000053,CUST012290,2025-11-27,Shipped,Digital Wallet,Mobile App
ORD0000054,CUST041592,2025-12-05,Completed,Bank Transfer,Mobile App
ORD0000055,CUST022704,2024-04-23,Processing,Debit Card,Mobile App
ORD0000056,CUST041591,2023-10-26,Cancelled,Digital Wallet,Retail Store
ORD0000057,CUST045126,2025-06-23,Cancelled,UPI,Partner
ORD0000058,CUST040495,2024-04-26,Cancelled,Bank Transfer,Website
ORD0000059,CUST015435,2026-02-07,Shipped,Debit Card,Mobile App
ORD0000060,CUST003633,2025-06-23,Returned,Bank Transfer,Website
ORD0000061,CUST019441,2025-06-01,Returned,Credit Card,Mobile App
ORD0000062,CUST045421,2025-05-13,Completed,Debit Card,Retail Store
ORD0000063,CUST024498,2024-11-25,Cancelled,Digital Wallet,Website
ORD0000064,CUST002989,2023-12-20,Cancelled,Debit Card,Website
ORD0000065,CUST007094,2025-09-09,Shipped,Debit Card,Retail Store
ORD0000066,CUST032099,2024-03-26,Cancelled,Debit Card,Retail Store
ORD0000067,CUST005797,2025-12-21,Completed,Credit Card,Mobile App
ORD0000068,CUST004509,2024-06-13,Cancelled,Digital Wallet,Website
ORD0000069,CUST022066,2025-06-08,Returned,Bank Transfer,Retail Store
ORD0000070,CUST003016,2025-07-12,Returned,UPI,Website
ORD0000071,CUST033445,2024-11-04,Shipped,UPI,Retail Store
ORD0000072,CUST039713,2026-04-06,Shipped,Credit Card,Partner
ORD0000073,CUST025501,2024-07-28,Processing,Bank Transfer,Partner
ORD0000074,CUST002411,2025-07-16,Processing,Debit Card,Partner
ORD0000075,CUST004903,2026-08-09,Processing,UPI,Retail Store
ORD0000076,CUST032649,2026-04-27,Shipped,Bank Transfer,Mobile App
ORD0000077,CUST036791,2024-05-07,Cancelled,Credit Card,Mobile App
ORD0000078,CUST004242,2024-05-02,Completed,Credit Card,Mobile App
ORD0000079,CUST040307,2023-09-21,Processing,Digital Wallet,Partner
ORD0000080,CUST007938,2026-01-15,Processing,Credit Card,Website
ORD0000081,CUST032140,2024-07-21,Cancelled,Bank Transfer,Retail Store
ORD0000082,CUST043435,2025-12-10,Completed,Debit Card,Website
ORD0000083,CUST039848,2025-09-06,Shipped,Bank Transfer,Partner
ORD0000084,CUST046902,2024-05-14,Shipped,UPI,Mobile App
ORD0000085,CUST012628,2025-01-07,Shipped,Bank Transfer,Partner
ORD0000086,CUST005646,2025-09-11,Processing,Bank Transfer,Partner
ORD0000087,CUST022556,2024-01-02,Cancelled,Bank Transfer,Retail Store
ORD0000088,CUST047814,2025-02-18,Cancelled,Bank Transfer,Retail Store
ORD0000089,CUST013919,2026-05-18,Processing,UPI,Mobile App
ORD0000090,CUST034080,2026-03-26,Cancelled,Digital Wallet,Retail Store
ORD0000091,CUST028129,2024-05-10,Completed,Credit Card,Website
ORD0000092,CUST039464,2025-01-15,Shipped,Digital Wallet,Mobile App
ORD0000093,CUST006584,2025-04-13,Cancelled,UPI,Retail Store
ORD0000094,CUST048032,2024-10-04,Completed,Debit Card,Partner
ORD0000095,CUST033605,2025-06-19,Processing,UPI,Mobile App
ORD0000096,CUST018926,2023-10-22,Cancelled,Debit Card,Retail Store
ORD0000097,CUST025604,2025-01-25,Returned,Credit Card,Website
ORD0000098,CUST032927,2024-12-21,Completed,Digital Wallet,Website
ORD0000099,CUST029711,2024-12-15,Processing,Credit Card,Retail Store
ORD0000100,CUST015621,2023-12-28,Cancelled,Debit Card,Retail Store
ORD0000101,CUST010876,2026-06-15,Shipped,Digital Wallet,Mobile App
ORD0000102,CUST034113,2024-12-03,Completed,Digital Wallet,Website
ORD0000103,CUST002697,2024-06-10,Cancelled,Debit Card,Website
ORD0000104,CUST039516,2025-12-07,Cancelled,UPI,Partner
ORD0000105,CUST020739,2023-12-27,Completed,UPI,Website
ORD0000106,CUST044520,2024-06-13,Completed,Bank Transfer,Partner
ORD0000107,CUST017902,2023-12-07,Shipped,UPI,Website
ORD0000108,CUST020524,2024-01-13,Completed,UPI,Mobile App
ORD0000109,CUST006155,2024-12-12,Completed,Credit Card,Partner
ORD0000110,CUST049483,2024-01-02,Returned,Digital Wallet,Retail Store
ORD0000111,CUST043211,2024-05-22,Processing,Debit Card,Website
ORD0000112,CUST017875,2024-01-13,Processing,Bank Transfer,Mobile App
ORD0000113,CUST024918,2026-06-27,Processing,UPI,Retail Store
ORD0000114,CUST030887,2026-02-21,Shipped,Credit Card,Mobile App
ORD0000115,CUST047687,2025-01-03,Processing,Bank Transfer,Partner
ORD0000116,CUST047381,2024-12-13,Shipped,Credit Card,Partner
ORD0000117,CUST015579,2025-06-30,Shipped,Bank Transfer,Retail Store
ORD0000118,CUST013923,2024-01-01,Returned,Digital Wallet,Retail Store
ORD0000119,CUST000853,2025-08-03,Shipped,Bank Transfer,Mobile App
ORD0000120,CUST035851,2025-12-25,Cancelled,Digital Wallet,Mobile App
ORD0000121,CUST025911,2025-09-03,Cancelled,Debit Card,Retail Store
ORD0000122,CUST032323,2024-09-12,Cancelled,UPI,Website
ORD0000123,CUST007631,2024-08-25,Processing,Bank Transfer,Website
ORD0000124,CUST038638,2023-12-24,Shipped,Debit Card,Partner
ORD0000125,CUST036690,2023-10-16,Shipped,Digital Wallet,Mobile App
ORD0000126,CUST029045,2025-03-07,Processing,UPI,Mobile App
ORD0000127,CUST029884,2025-07-13,Processing,Credit Card,Mobile App
ORD0000128,CUST012503,2025-03-07,Processing,Bank Transfer,Partner
ORD0000129,CUST005948,2025-04-25,Returned,Credit Card,Mobile App
ORD0000130,CUST038152,2026-07-04,Processing,Debit Card,Partner
ORD0000131,CUST005024,2026-06-24,Cancelled,Credit Card,Mobile App
ORD0000132,CUST036251,2023-11-09,Cancelled,Bank Transfer,Partner
ORD0000133,CUST017985,2026-02-02,Shipped,Bank Transfer,Retail Store
ORD0000134,CUST027076,2026-03-11,Completed,UPI,Website
ORD0000135,CUST023777,2026-09-16,Completed,Digital Wallet,Retail Store
ORD0000136,CUST013041,2026-06-22,Processing,UPI,Website
ORD0000137,CUST009570,2024-07-30,Processing,Debit Card,Partner
ORD0000138,CUST007056,2025-05-20,Processing,Credit Card,Mobile App
ORD0000139,CUST043673,2024-11-21,Shipped,UPI,Retail Store
ORD0000140,CUST015342,2024-07-08,Cancelled,Digital Wallet,Partner
ORD0000141,CUST013335,2025-11-12,Completed,Debit Card,Retail Store
ORD0000142,CUST049719,2025-05-15,Shipped,Digital Wallet,Retail Store
ORD0000143,CUST040685,2025-02-25,Returned,Bank Transfer,Mobile App
ORD0000144,CUST004635,2026-08-10,Returned,Bank Transfer,Mobile App
ORD0000145,CUST048904,2025-01-16,Completed,UPI,Retail Store
ORD0000146,CUST017881,2025-02-19,Processing,Credit Card,Retail Store
ORD0000147,CUST044701,2025-02-10,Processing,Bank Transfer,Partner
ORD0000148,CUST031761,2024-11-13,Processing,UPI,Website
ORD0000149,CUST012612,2024-02-21,Shipped,Credit Card,Mobile App
ORD0000150,CUST019749,2023-09-28,Shipped,Bank Transfer,Mobile App
ORD0000151,CUST038827,2024-10-04,Completed,UPI,Partner
ORD0000152,CUST049734,2025-11-22,Cancelled,Credit Card,Partner
ORD0000153,CUST017580,2025-08-21,Cancelled,Digital Wallet,Mobile App
ORD0000154,CUST047549,2024-12-12,Cancelled,Digital Wallet,Website
ORD0000155,CUST003886,2026-06-07,Completed,Bank Transfer,Retail Store
ORD0000156,CUST021158,2025-12-21,Completed,Debit Card,Retail Store
ORD0000157,CUST020409,2024-02-17,Completed,Credit Card,Website
ORD0000158,CUST033682,2024-04-08,Completed,Credit Card,Partner
ORD0000159,CUST008624,2024-06-19,Shipped,Credit Card,Partner
ORD0000160,CUST047293,2026-07-13,Completed,Credit Card,Partner
ORD0000161,CUST004161,2025-04-01,Completed,UPI,Retail Store
ORD0000162,CUST034814,2026-02-11,Shipped,Bank Transfer,Mobile App
ORD0000163,CUST012523,2025-07-07,Returned,Credit Card,Mobile App
ORD0000164,CUST048985,2025-12-20,Processing,Credit Card,Mobile App
ORD0000165,CUST038802,2025-10-06,Processing,Bank Transfer,Retail Store
ORD0000166,CUST016979,2026-07-08,Shipped,UPI,Website
ORD0000167,CUST019935,2026-02-08,Returned,Bank Transfer,Mobile App
ORD0000168,CUST013996,2024-04-04,Completed,Debit Card,Partner
ORD0000169,CUST013086,2025-02-21,Processing,Credit Card,Website
ORD0000170,CUST016108,2024-03-12,Returned,Credit Card,Mobile App
ORD0000171,CUST045226,2026-07-22,Processing,UPI,Partner
ORD0000172,CUST017527,2026-03-11,Cancelled,Digital Wallet,Website
ORD0000173,CUST005828,2026-06-05,Completed,UPI,Website
ORD0000174,CUST045843,2025-09-06,Cancelled,Bank Transfer,Website
ORD0000175,CUST038991,2026-05-13,Processing,UPI,Partner
ORD0000176,CUST042346,2025-07-29,Completed,Credit Card,Website
ORD0000177,CUST033255,2026-05-10,Cancelled,Credit Card,Website
ORD0000178,CUST047754,2025-08-16,Shipped,Debit Card,Mobile App
ORD0000179,CUST033801,2026-06-09,Processing,UPI,Mobile App
ORD0000180,CUST036998,2025-11-23,Processing,Bank Transfer,Mobile App
ORD0000181,CUST041701,2024-02-29,Shipped,Debit Card,Mobile App
ORD0000182,CUST028844,2025-08-09,Cancelled,Debit Card,Website
ORD0000183,CUST039039,2025-08-09,Processing,Credit Card,Website
ORD0000184,CUST011398,2025-09-14,Cancelled,Debit Card,Mobile App
ORD0000185,CUST000424,2025-02-04,Processing,Digital Wallet,Retail Store
ORD0000186,CUST018655,2025-12-25,Shipped,Bank Transfer,Mobile App
ORD0000187,CUST025868,2024-05-26,Returned,Debit Card,Website
ORD0000188,CUST000420,2024-11-12,Completed,UPI,Retail Store
ORD0000189,CUST011241,2026-03-25,Completed,Bank Transfer,Mobile App
ORD0000190,CUST049011,2025-05-18,Returned,Digital Wallet,Retail Store
ORD0000191,CUST028272,2025-01-23,Completed,Debit Card,Retail Store
ORD0000192,CUST006585,2024-02-29,Processing,Credit Card,Partner
ORD0000193,CUST038576,2026-05-05,Returned,Bank Transfer,Partner
ORD0000194,CUST011794,2023-11-05,Returned,Bank Transfer,Retail Store
ORD0000195,CUST049697,2025-12-02,Shipped,Digital Wallet,Website
ORD0000196,CUST012029,2024-10-04,Completed,Credit Card,Mobile App
ORD0000197,CUST041211,2024-08-26,Completed,Bank Transfer,Mobile App
ORD0000198,CUST029020,2026-08-09,Shipped,Credit Card,Retail Store
ORD0000199,CUST017157,2026-02-02,Completed,UPI,Retail Store
ORD0000200,CUST023427,2026-01-22,Processing,Debit Card,Website
ORD0000201,CUST016905,2023-11-13,Processing,UPI,Mobile App
ORD0000202,CUST020968,2026-05-27,Completed,Credit Card,Retail Store
ORD0000203,CUST046884,2025-11-30,Returned,Bank Transfer,Mobile App
ORD0000204,CUST011240,2026-06-21,Returned,UPI,Mobile App
ORD0000205,CUST026196,2026-01-18,Shipped,Digital Wallet,Retail Store
ORD0000206,CUST048641,2023-11-14,Cancelled,Credit Card,Retail Store
ORD0000207,CUST028605,2025-10-09,Returned,Credit Card,Mobile App
ORD0000208,CUST020691,2023-10-28,Processing,Credit Card,Partner
ORD0000209,CUST026590,2024-06-28,Processing,Digital Wallet,Mobile App
ORD0000210,CUST022923,2024-01-07,Processing,Debit Card,Mobile App
ORD0000211,CUST001596,2024-09-04,Returned,Debit Card,Partner
ORD0000212,CUST030762,2024-10-09,Processing,Credit Card,Website
ORD0000213,CUST029262,2025-02-07,Cancelled,Credit Card,Website
ORD0000214,CUST020694,2026-07-30,Shipped,Digital Wallet,Mobile App
ORD0000215,CUST036081,2024-04-24,Cancelled,Digital Wallet,Website
ORD0000216,CUST001624,2025-04-22,Completed,UPI,Website
ORD0000217,CUST009952,2025-05-09,Completed,Credit Card,Partner
ORD0000218,CUST000228,2026-01-11,Cancelled,Credit Card,Retail Store
ORD0000219,CUST048637,2023-11-12,Returned,UPI,Mobile App
ORD0000220,CUST024356,2026-01-24,Returned,Digital Wallet,Mobile App
ORD0000221,CUST009902,2025-09-16,Shipped,Credit Card,Mobile App
ORD0000222,CUST022732,2025-11-23,Returned,Digital Wallet,Website
ORD0000223,CUST028875,2025-04-10,Shipped,Debit Card,Mobile App
ORD0000224,CUST044805,2026-08-23,Returned,Credit Card,Mobile App
ORD0000225,CUST033291,2024-10-15,Returned,UPI,Website
ORD0000226,CUST025238,2026-07-19,Processing,Credit Card,Mobile App
ORD0000227,CUST012162,2025-01-26,Shipped,Digital Wallet,Website
ORD0000228,CUST013935,2024-02-25,Processing,Credit Card,Retail Store
ORD0000229,CUST017929,2026-02-23,Returned,UPI,Website
ORD0000230,CUST042180,2024-05-01,Processing,UPI,Website
ORD0000231,CUST031765,2026-07-15,Cancelled,Digital Wallet,Website
ORD0000232,CUST000221,2025-06-02,Cancelled,Digital Wallet,Website
ORD0000233,CUST021130,2026-07-25,Returned,Digital Wallet,Website
ORD0000234,CUST025609,2024-05-20,Returned,Debit Card,Retail Store
ORD0000235,CUST017974,2024-05-20,Completed,Credit Card,Retail Store
ORD0000236,CUST037339,2025-04-15,Processing,Credit Card,Mobile App
ORD0000237,CUST033608,2025-10-18,Processing,Debit Card,Mobile App
ORD0000238,CUST033669,2024-12-27,Cancelled,UPI,Website
ORD0000239,CUST009836,2024-09-25,Shipped,Credit Card,Mobile App
ORD0000240,CUST037173,2026-05-11,Returned,Credit Card,Mobile App
ORD0000241,CUST019473,2025-02-05,Shipped,Debit Card,Mobile App
ORD0000242,CUST037531,2024-01-30,Shipped,Bank Transfer,Mobile App
ORD0000243,CUST023487,2024-02-12,Cancelled,Credit Card,Partner
ORD0000244,CUST036762,2023-10-26,Completed,Credit Card,Partner
ORD0000245,CUST026848,2024-05-17,Returned,UPI,Partner
ORD0000246,CUST035684,2024-05-26,Processing,Bank Transfer,Mobile App
ORD0000247,CUST037671,2026-08-19,Returned,Digital Wallet,Partner
ORD0000248,CUST023560,2025-08-22,Processing,UPI,Mobile App
ORD0000249,CUST043615,2025-03-18,Processing,Credit Card,Partner
ORD0000250,CUST020081,2025-11-27,Returned,UPI,Mobile App
ORD0000251,CUST009835,2025-07-23,Processing,Bank Transfer,Website
ORD0000252,CUST032020,2025-01-11,Cancelled,UPI,Website
ORD0000253,CUST006682,2025-05-17,Returned,Debit Card,Mobile App
ORD0000254,CUST021989,2024-10-25,Cancelled,Credit Card,Retail Store
ORD0000255,CUST016392,2024-05-15,Processing,UPI,Mobile App
ORD0000256,CUST010325,2026-05-29,Cancelled,UPI,Mobile App
ORD0000257,CUST026546,2025-11-15,Processing,Debit Card,Retail Store
ORD0000258,CUST010606,2025-08-02,Returned,UPI,Website
ORD0000259,CUST047623,2024-03-04,Processing,Credit Card,Mobile App
ORD0000260,CUST048473,2024-02-06,Returned,Bank Transfer,Retail Store
ORD0000261,CUST029454,2025-01-13,Completed,Bank Transfer,Website
ORD0000262,CUST009466,2026-02-24,Completed,Credit Card,Partner
ORD0000263,CUST033448,2025-08-29,Shipped,Digital Wallet,Mobile App
ORD0000264,CUST035577,2024-03-28,Completed,Bank Transfer,Mobile App
ORD0000265,CUST013488,2024-03-09,Shipped,Digital Wallet,Website
ORD0000266,CUST033355,2024-06-06,Cancelled,Debit Card,Partner
ORD0000267,CUST047091,2024-08-23,Returned,Debit Card,Retail Store
ORD0000268,CUST000615,2024-06-19,Shipped,Digital Wallet,Website
ORD0000269,CUST012850,2026-04-08,Cancelled,Debit Card,Retail Store
ORD0000270,CUST038773,2025-04-08,Cancelled,UPI,Website
ORD0000271,CUST006558,2025-11-26,Returned,Debit Card,Partner
ORD0000272,CUST027358,2025-07-20,Returned,UPI,Retail Store
ORD0000273,CUST014428,2023-09-23,Completed,UPI,Mobile App
ORD0000274,CUST016483,2026-04-23,Completed,Digital Wallet,Partner
ORD0000275,CUST015336,2025-08-31,Returned,Digital Wallet,Retail Store
ORD0000276,CUST029747,2024-08-16,Processing,Credit Card,Mobile App
ORD0000277,CUST044365,2026-03-03,Shipped,Debit Card,Website
ORD0000278,CUST046844,2024-09-17,Completed,Bank Transfer,Retail Store
ORD0000279,CUST032673,2025-04-19,Cancelled,Digital Wallet,Partner
ORD0000280,CUST039639,2026-05-03,Returned,Digital Wallet,Retail Store
ORD0000281,CUST018212,2025-03-11,Completed,Digital Wallet,Website
ORD0000282,CUST000512,2025-10-10,Shipped,Digital Wallet,Mobile App
ORD0000283,CUST042485,2025-01-26,Completed,Debit Card,Retail Store
ORD0000284,CUST045604,2025-03-27,Shipped,Debit Card,Partner
ORD0000285,CUST003595,2025-05-11,Returned,Credit Card,Website
ORD0000286,CUST008860,2024-03-10,Returned,Bank Transfer,Partner
ORD0000287,CUST006837,2026-04-14,Cancelled,Bank Transfer,Website
ORD0000288,CUST000300,2025-06-14,Processing,Bank Transfer,Partner
ORD0000289,CUST019576,2026-01-16,Processing,Bank Transfer,Mobile App
ORD0000290,CUST029387,2025-07-28,Returned,Bank Transfer,Website
ORD0000291,CUST013485,2024-08-25,Completed,Bank Transfer,Retail Store
ORD0000292,CUST017705,2025-09-02,Processing,Debit Card,Retail Store
ORD0000293,CUST005053,2025-04-07,Completed,Digital Wallet,Website
ORD0000294,CUST023081,2025-11-21,Shipped,Debit Card,Retail Store
ORD0000295,CUST040500,2024-03-27,Returned,Bank Transfer,Partner
ORD0000296,CUST031994,2025-02-26,Cancelled,Debit Card,Mobile App
ORD0000297,CUST028080,2024-05-29,Returned,UPI,Mobile App
ORD0000298,CUST011885,2024-02-17,Shipped,UPI,Retail Store
ORD0000299,CUST049331,2025-08-03,Returned,Digital Wallet,Website
ORD0000300,CUST019384,2025-12-03,Returned,Credit Card,Partner
ORD0000301,CUST041483,2025-12-16,Completed,UPI,Retail Store
ORD0000302,CUST045614,2026-08-22,Returned,Credit Card,Retail Store
ORD0000303,CUST039788,2023-10-17,Returned,Credit Card,Retail Store
ORD0000304,CUST025763,2023-10-21,Completed,UPI,Retail Store
ORD0000305,CUST006882,2026-04-28,Cancelled,UPI,Retail Store
ORD0000306,CUST012499,2026-02-06,Completed,UPI,Mobile App
ORD0000307,CUST028302,2025-11-20,Shipped,Bank Transfer,Mobile App
ORD0000308,CUST040242,2024-05-12,Processing,UPI,Website
ORD0000309,CUST017403,2024-08-15,Returned,Bank Transfer,Retail Store
ORD0000310,CUST003787,2026-05-05,Processing,Credit Card,Website
ORD0000311,CUST020280,2024-03-28,Shipped,Credit Card,Retail Store
ORD0000312,CUST017118,2025-03-16,Cancelled,UPI,Retail Store
ORD0000313,CUST045121,2024-05-18,Cancelled,UPI,Mobile App
ORD0000314,CUST044281,2023-11-05,Completed,Digital Wallet,Website
ORD0000315,CUST006779,2023-10-04,Cancelled,Bank Transfer,Mobile App
ORD0000316,CUST001599,2026-01-10,Processing,Credit Card,Website
ORD0000317,CUST000125,2025-01-22,Returned,Credit Card,Website
ORD0000318,CUST027964,2024-09-17,Shipped,Credit Card,Mobile App
ORD0000319,CUST017109,2024-12-10,Shipped,Bank Transfer,Retail Store
ORD0000320,CUST047295,2024-05-23,Returned,Credit Card,Website
ORD0000321,CUST031158,2023-12-22,Completed,UPI,Website
ORD0000322,CUST018682,2026-04-11,Cancelled,Digital Wallet,Partner
ORD0000323,CUST017335,2024-01-19,Processing,Digital Wallet,Mobile App
ORD0000324,CUST023454,2025-12-28,Completed,UPI,Mobile App
ORD0000325,CUST038178,2024-08-09,Cancelled,UPI,Mobile App
ORD0000326,CUST004204,2024-11-03,Completed,Debit Card,Mobile App
ORD0000327,CUST012135,2025-05-26,Completed,Bank Transfer,Retail Store
ORD0000328,CUST038901,2026-02-28,Shipped,UPI,Partner
ORD0000329,CUST022740,2025-05-23,Returned,Bank Transfer,Partner
ORD0000330,CUST040828,2024-03-18,Shipped,Debit Card,Retail Store
ORD0000331,CUST030442,2025-09-10,Processing,Debit Card,Website
ORD0000332,CUST020705,2024-11-03,Processing,Bank Transfer,Mobile App
ORD0000333,CUST022537,2024-02-19,Completed,Credit Card,Partner
ORD0000334,CUST027178,2024-11-11,Shipped,UPI,Mobile App
ORD0000335,CUST042099,2025-01-11,Processing,Debit Card,Retail Store
ORD0000336,CUST044871,2025-03-22,Shipped,Credit Card,Retail Store
ORD0000337,CUST000536,2023-12-24,Returned,Digital Wallet,Retail Store
ORD0000338,CUST004346,2023-11-27,Cancelled,Digital Wallet,Retail Store
ORD0000339,CUST004903,2024-11-09,Completed,Bank Transfer,Website
ORD0000340,CUST038226,2026-05-18,Shipped,Credit Card,Website
ORD0000341,CUST032501,2024-01-06,Completed,UPI,Partner
ORD0000342,CUST033448,2024-04-22,Processing,UPI,Website
ORD0000343,CUST006838,2024-08-03,Processing,Credit Card,Mobile App
ORD0000344,CUST032113,2024-11-06,Shipped,Debit Card,Partner
ORD0000345,CUST023926,2026-07-25,Cancelled,Debit Card,Retail Store
ORD0000346,CUST005950,2026-05-11,Shipped,UPI,Retail Store
ORD0000347,CUST044568,2023-09-30,Completed,Credit Card,Retail Store
ORD0000348,CUST038667,2024-10-26,Completed,Debit Card,Website
ORD0000349,CUST029737,2023-12-17,Processing,Bank Transfer,Retail Store
ORD0000350,CUST001551,2024-09-05,Processing,Credit Card,Partner
ORD0000351,CUST034598,2023-11-12,Returned,Credit Card,Mobile App
ORD0000352,CUST048816,2024-12-24,Cancelled,UPI,Mobile App
ORD0000353,CUST001248,2024-09-29,Returned,Bank Transfer,Retail Store
ORD0000354,CUST033124,2025-07-25,Returned,Digital Wallet,Website
ORD0000355,CUST012237,2025-11-11,Returned,Credit Card,Website
ORD0000356,CUST002766,2025-06-23,Returned,Digital Wallet,Website
ORD0000357,CUST008479,2024-03-31,Cancelled,Debit Card,Website
ORD0000358,CUST010571,2026-08-10,Processing,Credit Card,Partner
ORD0000359,CUST042530,2024-06-15,Processing,Credit Card,Website
ORD0000360,CUST011113,2026-08-20,Cancelled,Digital Wallet,Partner
ORD0000361,CUST048950,2026-02-14,Cancelled,Credit Card,Retail Store
ORD0000362,CUST014066,2024-07-14,Returned,Debit Card,Mobile App
ORD0000363,CUST019822,2026-03-20,Cancelled,Debit Card,Website
ORD0000364,CUST039823,2023-09-30,Cancelled,Bank Transfer,Mobile App
ORD0000365,CUST000025,2025-11-21,Completed,Credit Card,Partner
ORD0000366,CUST008955,2024-09-02,Cancelled,Bank Transfer,Retail Store
ORD0000367,CUST038527,2026-03-05,Shipped,Credit Card,Website
ORD0000368,CUST019747,2024-07-30,Shipped,Digital Wallet,Website
ORD0000369,CUST029458,2023-12-15,Returned,Credit Card,Mobile App
ORD0000370,CUST002167,2026-05-28,Returned,Credit Card,Website
ORD0000371,CUST027934,2025-01-19,Processing,Digital Wallet,Partner
ORD0000372,CUST002667,2024-07-13,Returned,UPI,Website
ORD0000373,CUST034555,2026-08-01,Completed,Debit Card,Retail Store
ORD0000374,CUST005490,2024-08-20,Processing,Digital Wallet,Mobile App
ORD0000375,CUST018612,2024-09-14,Returned,Bank Transfer,Partner
ORD0000376,CUST034240,2025-12-16,Returned,Credit Card,Mobile App
ORD0000377,CUST013563,2025-02-18,Processing,UPI,Partner
ORD0000378,CUST042461,2026-05-20,Shipped,Credit Card,Partner
ORD0000379,CUST013757,2024-07-23,Shipped,Digital Wallet,Mobile App
ORD0000380,CUST001663,2025-02-13,Returned,Debit Card,Retail Store
ORD0000381,CUST015972,2025-10-03,Shipped,Bank Transfer,Partner
ORD0000382,CUST011940,2024-04-14,Returned,Bank Transfer,Mobile App
ORD0000383,CUST027547,2026-01-25,Processing,Debit Card,Partner
ORD0000384,CUST007743,2025-12-29,Completed,UPI,Mobile App
ORD0000385,CUST031790,2026-07-10,Returned,UPI,Mobile App
ORD0000386,CUST012043,2026-07-13,Completed,Digital Wallet,Partner
ORD0000387,CUST019960,2024-07-16,Shipped,Bank Transfer,Partner
ORD0000388,CUST029888,2024-10-23,Cancelled,UPI,Mobile App
ORD0000389,CUST008030,2025-09-30,Cancelled,Digital Wallet,Mobile App
ORD0000390,CUST015156,2024-02-24,Shipped,Digital Wallet,Website
ORD0000391,CUST037919,2024-05-21,Cancelled,UPI,Partner
ORD0000392,CUST022438,2025-11-06,Shipped,Credit Card,Website
ORD0000393,CUST033947,2024-10-22,Processing,Credit Card,Mobile App
ORD0000394,CUST012861,2025-09-12,Cancelled,Debit Card,Website
ORD0000395,CUST018620,2024-04-16,Cancelled,UPI,Mobile App
ORD0000396,CUST015159,2025-04-18,Completed,Debit Card,Retail Store
ORD0000397,CUST039558,2024-01-01,Shipped,Digital Wallet,Retail Store
ORD0000398,CUST000425,2025-12-12,Shipped,Digital Wallet,Partner
ORD0000399,CUST023818,2024-01-07,Completed,Debit Card,Retail Store
ORD0000400,CUST007709,2024-07-11,Cancelled,Bank Transfer,Website
ORD0000401,CUST017753,2023-10-28,Completed,Credit Card,Mobile App
ORD0000402,CUST015808,2025-07-05,Returned,Debit Card,Website
ORD0000403,CUST005140,2025-01-05,Shipped,Debit Card,Partner
ORD0000404,CUST019397,2024-09-07,Completed,Debit Card,Partner
ORD0000405,CUST022368,2025-03-08,Processing,UPI,Website
ORD0000406,CUST001378,2024-08-28,Cancelled,Bank Transfer,Mobile App
ORD0000407,CUST038630,2026-03-08,Processing,UPI,Website
ORD0000408,CUST020411,2024-04-11,Completed,Bank Transfer,Mobile App
ORD0000409,CUST002128,2024-12-13,Shipped,Credit Card,Partner
ORD0000410,CUST019155,2026-01-17,Returned,Debit Card,Retail Store
ORD0000411,CUST023246,2026-09-10,Shipped,UPI,Partner
ORD0000412,CUST032458,2024-11-19,Cancelled,UPI,Retail Store
ORD0000413,CUST017469,2026-08-17,Processing,Credit Card,Partner
ORD0000414,CUST012903,2024-06-27,Shipped,Bank Transfer,Mobile App
ORD0000415,CUST028747,2026-08-12,Cancelled,Credit Card,Mobile App
ORD0000416,CUST014346,2025-01-08,Processing,Credit Card,Website
ORD0000417,CUST015781,2024-09-30,Cancelled,Credit Card,Website
ORD0000418,CUST011259,2025-01-23,Shipped,Debit Card,Mobile App
ORD0000419,CUST039011,2024-06-02,Returned,UPI,Website
ORD0000420,CUST014940,2026-02-04,Completed,Bank Transfer,Website
ORD0000421,CUST039019,2025-12-27,Cancelled,Credit Card,Partner
ORD0000422,CUST043693,2023-12-17,Shipped,Bank Transfer,Website
ORD0000423,CUST026898,2024-08-14,Returned,Debit Card,Partner
ORD0000424,CUST016638,2025-12-23,Completed,Digital Wallet,Mobile App
ORD0000425,CUST021495,2026-08-15,Cancelled,Credit Card,Retail Store
ORD0000426,CUST004083,2024-01-30,Returned,Debit Card,Retail Store
ORD0000427,CUST030899,2026-02-13,Shipped,Debit Card,Website
ORD0000428,CUST016084,2024-11-27,Processing,Digital Wallet,Retail Store
ORD0000429,CUST033094,2025-04-08,Cancelled,Digital Wallet,Website
ORD0000430,CUST013640,2026-02-25,Shipped,Digital Wallet,Retail Store
ORD0000431,CUST030683,2026-06-05,Shipped,Debit Card,Mobile App
ORD0000432,CUST013917,2024-03-04,Returned,Debit Card,Partner
ORD0000433,CUST021667,2024-02-02,Returned,Bank Transfer,Website
ORD0000434,CUST037044,2024-12-21,Shipped,Digital Wallet,Partner
ORD0000435,CUST033593,2024-10-20,Cancelled,UPI,Website
ORD0000436,CUST040627,2026-03-16,Cancelled,UPI,Retail Store
ORD0000437,CUST026791,2024-11-07,Shipped,Credit Card,Website
ORD0000438,CUST005709,2025-05-05,Processing,Credit Card,Partner
ORD0000439,CUST038479,2026-04-02,Cancelled,Debit Card,Retail Store
ORD0000440,CUST030568,2023-12-13,Shipped,Credit Card,Website
ORD0000441,CUST041500,2025-08-05,Cancelled,Credit Card,Retail Store
ORD0000442,CUST012146,2025-02-26,Cancelled,UPI,Partner
ORD0000443,CUST040812,2025-04-30,Shipped,Credit Card,Retail Store
ORD0000444,CUST037099,2026-02-19,Processing,Credit Card,Website
ORD0000445,CUST016160,2024-07-27,Shipped,Debit Card,Website
ORD0000446,CUST034126,2026-05-10,Returned,Bank Transfer,Mobile App
ORD0000447,CUST000628,2023-11-20,Cancelled,Bank Transfer,Website
ORD0000448,CUST001681,2023-12-12,Cancelled,Digital Wallet,Website
ORD0000449,CUST010425,2024-07-28,Completed,Digital Wallet,Website
ORD0000450,CUST049413,2025-07-01,Processing,Debit Card,Retail Store
ORD0000451,CUST042716,2026-06-19,Shipped,Credit Card,Mobile App
ORD0000452,CUST006321,2026-03-27,Processing,Digital Wallet,Partner
ORD0000453,CUST002093,2025-09-27,Completed,Digital Wallet,Retail Store
ORD0000454,CUST038383,2025-07-31,Shipped,Bank Transfer,Partner
ORD0000455,CUST049655,2025-01-22,Processing,Debit Card,Website
ORD0000456,CUST028184,2024-03-23,Processing,Digital Wallet,Partner
ORD0000457,CUST015248,2023-12-16,Shipped,Credit Card,Retail Store
ORD0000458,CUST004135,2024-04-29,Processing,Credit Card,Partner
ORD0000459,CUST039997,2026-03-22,Completed,Debit Card,Partner
ORD0000460,CUST027443,2023-12-29,Processing,Credit Card,Website
ORD0000461,CUST011573,2026-06-08,Processing,Credit Card,Mobile App
ORD0000462,CUST026916,2026-03-27,Cancelled,Credit Card,Website
ORD0000463,CUST026002,2024-03-01,Processing,Debit Card,Retail Store
ORD0000464,CUST042890,2025-02-11,Cancelled,Debit Card,Mobile App
ORD0000465,CUST009580,2026-05-19,Processing,Debit Card,Mobile App
ORD0000466,CUST002470,2026-01-22,Shipped,Credit Card,Mobile App
ORD0000467,CUST045098,2024-10-26,Returned,Digital Wallet,Partner
ORD0000468,CUST016203,2026-03-24,Processing,Debit Card,Retail Store
ORD0000469,CUST049576,2025-09-20,Completed,UPI,Mobile App
ORD0000470,CUST040151,2024-07-30,Cancelled,Digital Wallet,Mobile App
ORD0000471,CUST018810,2024-09-24,Shipped,Digital Wallet,Mobile App
ORD0000472,CUST002003,2025-05-06,Shipped,UPI,Mobile App
ORD0000473,CUST012869,2026-03-02,Processing,Debit Card,Partner
ORD0000474,CUST014841,2025-11-29,Returned,Debit Card,Retail Store
ORD0000475,CUST035828,2024-01-14,Returned,Debit Card,Mobile App
ORD0000476,CUST049804,2024-07-20,Returned,Debit Card,Website
ORD0000477,CUST046284,2025-11-01,Returned,Credit Card,Partner
ORD0000478,CUST044310,2025-04-20,Shipped,Bank Transfer,Website
ORD0000479,CUST037962,2026-08-05,Processing,Digital Wallet,Website
ORD0000480,CUST038171,2024-03-19,Shipped,Digital Wallet,Website
ORD0000481,CUST033833,2023-12-22,Completed,Credit Card,Mobile App
ORD0000482,CUST004971,2026-04-30,Shipped,UPI,Retail Store
ORD0000483,CUST004091,2025-05-20,Shipped,Bank Transfer,Retail Store
ORD0000484,CUST033311,2026-04-10,Cancelled,Digital Wallet,Retail Store
ORD0000485,CUST037757,2026-06-25,Processing,Credit Card,Website
ORD0000486,CUST030731,2026-01-14,Returned,Digital Wallet,Retail Store
ORD0000487,CUST030824,2024-12-01,Shipped,Debit Card,Partner
ORD0000488,CUST040199,2025-12-15,Processing,Bank Transfer,Website
ORD0000489,CUST018023,2025-11-22,Completed,Bank Transfer,Partner
ORD0000490,CUST017052,2024-11-28,Completed,Credit Card,Mobile App
ORD0000491,CUST040848,2024-07-02,Cancelled,Credit Card,Retail Store
ORD0000492,CUST031500,2025-08-16,Processing,Digital Wallet,Partner
ORD0000493,CUST032231,2025-03-02,Completed,UPI,Partner
ORD0000494,CUST012776,2024-06-23,Cancelled,Digital Wallet,Mobile App
ORD0000495,CUST023995,2025-11-15,Cancelled,Credit Card,Mobile App
ORD0000496,CUST020936,2023-11-03,Returned,Digital Wallet,Retail Store
ORD0000497,CUST043300,2024-03-02,Processing,Bank Transfer,Partner
ORD0000498,CUST037560,2025-12-31,Cancelled,Bank Transfer,Website
ORD0000499,CUST049405,2024-08-19,Returned,UPI,Mobile App
ORD0000500,CUST029903,2023-09-27,Returned,Debit Card,Retail Store
ORD0000501,CUST011991,2024-09-04,Processing,Bank Transfer,Retail Store
ORD0000502,CUST037006,2024-10-03,Completed,Bank Transfer,Website
ORD0000503,CUST033984,2024-02-08,Shipped,UPI,Mobile App
ORD0000504,CUST023486,2024-09-11,Cancelled,UPI,Partner
ORD0000505,CUST003228,2025-09-28,Cancelled,Debit Card,Retail Store
ORD0000506,CUST030276,2025-10-03,Completed,Credit Card,Partner
ORD0000507,CUST015009,2024-08-21,Returned,Debit Card,Partner
ORD0000508,CUST046949,2024-06-23,Shipped,Credit Card,Website
ORD0000509,CUST046117,2026-06-27,Processing,UPI,Partner
ORD0000510,CUST008568,2025-12-05,Completed,Credit Card,Mobile App
ORD0000511,CUST012973,2024-08-31,Returned,Digital Wallet,Partner
ORD0000512,CUST049964,2025-01-05,Cancelled,Credit Card,Partner
ORD0000513,CUST005671,2024-07-04,Returned,Debit Card,Partner
ORD0000514,CUST036027,2025-06-15,Returned,Credit Card,Partner
ORD0000515,CUST006601,2023-12-15,Completed,Credit Card,Mobile App
ORD0000516,CUST001450,2026-06-05,Shipped,Credit Card,Retail Store
ORD0000517,CUST020622,2025-04-30,Shipped,Credit Card,Mobile App
ORD0000518,CUST048079,2024-11-03,Cancelled,Bank Transfer,Website
ORD0000519,CUST044007,2025-07-09,Cancelled,Credit Card,Mobile App
ORD0000520,CUST000979,2025-07-11,Completed,Credit Card,Mobile App
ORD0000521,CUST019306,2026-08-17,Completed,UPI,Retail Store
ORD0000522,CUST009527,2023-12-01,Returned,Debit Card,Mobile App
ORD0000523,CUST026537,2025-04-14,Cancelled,Bank Transfer,Mobile App
ORD0000524,CUST019526,2025-04-17,Returned,Credit Card,Mobile App
ORD0000525,CUST022967,2023-09-21,Processing,Bank Transfer,Website
ORD0000526,CUST020730,2025-11-12,Processing,Debit Card,Mobile App
ORD0000527,CUST028902,2025-06-09,Shipped,Credit Card,Mobile App
ORD0000528,CUST029907,2024-09-07,Cancelled,Debit Card,Website
ORD0000529,CUST049853,2026-06-16,Shipped,Bank Transfer,Partner
ORD0000530,CUST039180,2024-01-19,Completed,Digital Wallet,Retail Store
ORD0000531,CUST039951,2026-02-11,Processing,UPI,Website
ORD0000532,CUST033924,2024-06-09,Completed,Digital Wallet,Website
ORD0000533,CUST016597,2025-02-06,Returned,Digital Wallet,Mobile App
ORD0000534,CUST048674,2024-01-30,Shipped,Bank Transfer,Partner
ORD0000535,CUST047927,2025-11-12,Processing,Debit Card,Partner
ORD0000536,CUST046611,2025-12-08,Completed,Credit Card,Mobile App
ORD0000537,CUST048204,2024-04-15,Cancelled,Digital Wallet,Partner
ORD0000538,CUST025806,2024-01-06,Cancelled,UPI,Website
ORD0000539,CUST002906,2024-01-19,Returned,Credit Card,Website
ORD0000540,CUST000938,2026-06-24,Cancelled,Debit Card,Retail Store
ORD0000541,CUST001414,2024-01-18,Cancelled,Credit Card,Mobile App
ORD0000542,CUST040822,2025-08-30,Completed,Digital Wallet,Website
ORD0000543,CUST028503,2026-05-24,Shipped,Credit Card,Partner
ORD0000544,CUST032653,2024-09-16,Completed,Debit Card,Partner
ORD0000545,CUST029262,2025-08-05,Returned,Bank Transfer,Mobile App
ORD0000546,CUST049972,2026-01-23,Shipped,Digital Wallet,Partner
ORD0000547,CUST045755,2024-10-27,Returned,Digital Wallet,Mobile App
ORD0000548,CUST005304,2026-02-01,Returned,Credit Card,Website
ORD0000549,CUST043572,2025-08-16,Processing,UPI,Partner
ORD0000550,CUST046463,2025-05-10,Completed,Credit Card,Partner
ORD0000551,CUST046299,2025-05-12,Processing,UPI,Partner
ORD0000552,CUST011682,2026-05-10,Returned,Bank Transfer,Mobile App
ORD0000553,CUST021549,2024-10-22,Completed,Digital Wallet,Website
ORD0000554,CUST034658,2024-10-12,Returned,Credit Card,Retail Store
ORD0000555,CUST021021,2025-03-10,Processing,Digital Wallet,Partner
ORD0000556,CUST001636,2025-12-21,Completed,UPI,Retail Store
ORD0000557,CUST023563,2025-02-24,Processing,Debit Card,Mobile App
ORD0000558,CUST042063,2024-12-23,Shipped,Credit Card,Website
ORD0000559,CUST000574,2023-12-25,Shipped,Credit Card,Website
ORD0000560,CUST029418,2024-09-22,Processing,Debit Card,Mobile App
ORD0000561,CUST033799,2024-01-21,Processing,Debit Card,Mobile App
ORD0000562,CUST006952,2025-12-17,Completed,Debit Card,Retail Store
ORD0000563,CUST043758,2026-07-24,Processing,Bank Transfer,Retail Store
ORD0000564,CUST005796,2025-02-06,Returned,UPI,Website
ORD0000565,CUST039622,2025-05-05,Shipped,Digital Wallet,Website
ORD0000566,CUST018694,2026-03-08,Processing,Credit Card,Mobile App
ORD0000567,CUST026286,2025-05-30,Processing,Debit Card,Retail Store
ORD0000568,CUST008455,2025-06-30,Processing,UPI,Mobile App
ORD0000569,CUST035439,2023-09-29,Cancelled,Bank Transfer,Partner
ORD0000570,CUST010347,2024-01-16,Processing,Digital Wallet,Partner
ORD0000571,CUST046914,2025-08-01,Cancelled,Bank Transfer,Mobile App
ORD0000572,CUST041010,2025-04-01,Returned,Debit Card,Mobile App
ORD0000573,CUST012178,2026-08-15,Completed,Bank Transfer,Partner
ORD0000574,CUST042820,2026-02-03,Cancelled,Debit Card,Partner
ORD0000575,CUST002752,2026-08-30,Processing,Debit Card,Partner
ORD0000576,CUST017713,2024-11-24,Returned,UPI,Website
ORD0000577,CUST017457,2026-06-28,Shipped,Bank Transfer,Website
ORD0000578,CUST021150,2024-05-27,Cancelled,Bank Transfer,Retail Store
ORD0000579,CUST014890,2024-11-20,Completed,Bank Transfer,Partner
ORD0000580,CUST011689,2024-11-18,Shipped,UPI,Partner
ORD0000581,CUST001540,2025-02-22,Completed,Digital Wallet,Mobile App
ORD0000582,CUST023089,2026-04-02,Processing,Bank Transfer,Retail Store
ORD0000583,CUST003194,2025-06-05,Returned,UPI,Website
ORD0000584,CUST032241,2025-10-10,Processing,Bank Transfer,Mobile App
ORD0000585,CUST025579,2026-08-08,Returned,UPI,Website
ORD0000586,CUST012509,2025-12-10,Processing,Digital Wallet,Website
ORD0000587,CUST007247,2026-03-22,Returned,Bank Transfer,Mobile App
ORD0000588,CUST025051,2024-11-20,Completed,Debit Card,Website
ORD0000589,CUST043032,2026-06-10,Shipped,Credit Card,Partner
ORD0000590,CUST039959,2026-07-20,Completed,Debit Card,Partner
ORD0000591,CUST001629,2024-07-29,Returned,Digital Wallet,Partner
ORD0000592,CUST021016,2024-07-24,Completed,Debit Card,Website
ORD0000593,CUST020480,2024-11-02,Processing,Credit Card,Retail Store
ORD0000594,CUST016253,2024-07-28,Returned,Bank Transfer,Retail Store
ORD0000595,CUST004292,2025-07-09,Shipped,Bank Transfer,Mobile App
ORD0000596,CUST007038,2024-03-02,Completed,UPI,Retail Store
ORD0000597,CUST008631,2024-01-17,Returned,Bank Transfer,Retail Store
ORD0000598,CUST012949,2024-10-03,Completed,Digital Wallet,Partner
ORD0000599,CUST026299,2025-07-03,Cancelled,Debit Card,Retail Store
ORD0000600,CUST006733,2024-12-31,Processing,Credit Card,Website
ORD0000601,CUST013377,2025-06-19,Returned,UPI,Partner
ORD0000602,CUST022314,2025-07-02,Cancelled,Bank Transfer,Mobile App
ORD0000603,CUST026196,2025-01-26,Cancelled,UPI,Retail Store
ORD0000604,CUST049959,2023-10-23,Completed,Bank Transfer,Partner
ORD0000605,CUST003677,2023-12-15,Processing,Debit Card,Partner
ORD0000606,CUST038590,2025-09-23,Completed,UPI,Mobile App
ORD0000607,CUST001933,2026-01-24,Completed,Bank Transfer,Website
ORD0000608,CUST009847,2024-01-04,Cancelled,Digital Wallet,Retail Store
ORD0000609,CUST040219,2024-04-08,Shipped,Digital Wallet,Retail Store
ORD0000610,CUST023584,2024-11-01,Returned,Debit Card,Website
ORD0000611,CUST034892,2024-01-08,Shipped,UPI,Partner
ORD0000612,CUST037365,2025-07-28,Shipped,Credit Card,Partner
ORD0000613,CUST038574,2024-06-14,Shipped,Credit Card,Website
ORD0000614,CUST012059,2025-05-11,Cancelled,UPI,Retail Store
ORD0000615,CUST031492,2024-02-18,Returned,Bank Transfer,Partner
ORD0000616,CUST042526,2024-06-15,Shipped,UPI,Partner
ORD0000617,CUST009808,2023-10-23,Completed,UPI,Mobile App
ORD0000618,CUST022693,2025-09-03,Cancelled,Debit Card,Retail Store
ORD0000619,CUST008577,2025-03-30,Cancelled,Bank Transfer,Mobile App
ORD0000620,CUST013956,2025-10-31,Returned,Debit Card,Mobile App
ORD0000621,CUST032511,2023-11-29,Cancelled,Debit Card,Mobile App
ORD0000622,CUST021375,2025-02-21,Processing,Bank Transfer,Partner
ORD0000623,CUST046069,2024-10-31,Processing,Debit Card,Retail Store
ORD0000624,CUST036757,2025-03-13,Cancelled,Debit Card,Website
ORD0000625,CUST049269,2025-01-03,Completed,UPI,Retail Store
ORD0000626,CUST029771,2025-04-06,Returned,Credit Card,Mobile App
ORD0000627,CUST026683,2025-03-22,Returned,Digital Wallet,Partner
ORD0000628,CUST035432,2024-09-17,Cancelled,Debit Card,Partner
ORD0000629,CUST034432,2026-08-07,Completed,Debit Card,Retail Store
ORD0000630,CUST004023,2025-06-24,Cancelled,Credit Card,Retail Store
ORD0000631,CUST027966,2026-03-23,Cancelled,Bank Transfer,Partner
ORD0000632,CUST047920,2026-06-19,Cancelled,Bank Transfer,Retail Store
ORD0000633,CUST037566,2024-10-22,Returned,Bank Transfer,Partner
ORD0000634,CUST048082,2025-05-27,Processing,UPI,Retail Store
ORD0000635,CUST048689,2024-11-10,Returned,Credit Card,Mobile App
ORD0000636,CUST048560,2024-02-28,Completed,Bank Transfer,Retail Store
ORD0000637,CUST034108,2026-08-05,Completed,Credit Card,Partner
ORD0000638,CUST007899,2025-03-21,Cancelled,Credit Card,Website
ORD0000639,CUST048689,2026-09-16,Shipped,Bank Transfer,Mobile App
ORD0000640,CUST031024,2024-12-24,Cancelled,UPI,Mobile App
ORD0000641,CUST045794,2024-10-17,Processing,Digital Wallet,Partner
ORD0000642,CUST012316,2024-11-21,Returned,Digital Wallet,Partner
ORD0000643,CUST033009,2024-03-22,Returned,Debit Card,Website
ORD0000644,CUST026395,2025-12-07,Processing,UPI,Retail Store
ORD0000645,CUST045902,2026-01-18,Shipped,Debit Card,Mobile App
ORD0000646,CUST018867,2025-08-05,Processing,Digital Wallet,Partner
ORD0000647,CUST015054,2025-11-22,Completed,Digital Wallet,Retail Store
ORD0000648,CUST026330,2026-08-21,Returned,Digital Wallet,Retail Store
ORD0000649,CUST023120,2026-09-17,Cancelled,Bank Transfer,Website
ORD0000650,CUST005278,2024-08-10,Processing,UPI,Website
ORD0000651,CUST004243,2025-10-07,Completed,Credit Card,Website
ORD0000652,CUST007674,2024-12-18,Returned,Debit Card,Partner
ORD0000653,CUST039324,2026-09-15,Shipped,Bank Transfer,Mobile App
ORD0000654,CUST045855,2025-01-22,Cancelled,Digital Wallet,Partner
ORD0000655,CUST003136,2025-09-25,Returned,Digital Wallet,Retail Store
ORD0000656,CUST027958,2024-02-27,Shipped,Digital Wallet,Website
ORD0000657,CUST045195,2024-02-02,Returned,UPI,Partner
ORD0000658,CUST044573,2024-07-21,Shipped,UPI,Website
ORD0000659,CUST020832,2025-09-24,Cancelled,Credit Card,Partner
ORD0000660,CUST029656,2025-12-27,Cancelled,Debit Card,Website
ORD0000661,CUST017152,2025-10-04,Returned,Credit Card,Website
ORD0000662,CUST045968,2025-04-19,Completed,Bank Transfer,Website
ORD0000663,CUST016363,2026-04-17,Returned,Credit Card,Website
ORD0000664,CUST005857,2025-06-03,Cancelled,UPI,Retail Store
ORD0000665,CUST010886,2025-04-24,Completed,Bank Transfer,Website
ORD0000666,CUST016064,2025-02-28,Returned,Digital Wallet,Website
ORD0000667,CUST002366,2025-12-08,Shipped,Credit Card,Website
ORD0000668,CUST015975,2025-07-24,Shipped,Bank Transfer,Mobile App
ORD0000669,CUST005806,2024-05-17,Shipped,Debit Card,Partner
ORD0000670,CUST010029,2025-04-11,Returned,Debit Card,Website
ORD0000671,CUST039686,2024-08-16,Returned,Debit Card,Website
ORD0000672,CUST026931,2024-08-17,Returned,Digital Wallet,Website
ORD0000673,CUST015148,2025-04-07,Completed,Debit Card,Partner
ORD0000674,CUST001104,2024-10-02,Shipped,Bank Transfer,Mobile App
ORD0000675,CUST029593,2024-04-03,Cancelled,Debit Card,Website
ORD0000676,CUST023548,2024-03-11,Shipped,Bank Transfer,Partner
ORD0000677,CUST025038,2024-11-20,Cancelled,Bank Transfer,Mobile App
ORD0000678,CUST026575,2023-10-02,Completed,Debit Card,Partner
ORD0000679,CUST008418,2024-10-03,Processing,Debit Card,Website
ORD0000680,CUST002062,2025-12-04,Returned,UPI,Mobile App
ORD0000681,CUST044519,2026-07-24,Shipped,Digital Wallet,Mobile App
ORD0000682,CUST011364,2023-10-07,Returned,UPI,Retail Store
ORD0000683,CUST006506,2025-03-04,Returned,Bank Transfer,Retail Store
ORD0000684,CUST014883,2024-01-11,Shipped,Bank Transfer,Website
ORD0000685,CUST041501,2024-01-04,Returned,UPI,Partner
ORD0000686,CUST003113,2024-08-26,Completed,Bank Transfer,Website
ORD0000687,CUST026056,2024-07-18,Returned,Bank Transfer,Partner
ORD0000688,CUST036068,2025-10-26,Cancelled,UPI,Website
ORD0000689,CUST042776,2025-12-30,Processing,Debit Card,Partner
ORD0000690,CUST034513,2025-10-26,Processing,UPI,Partner
ORD0000691,CUST035038,2025-06-19,Cancelled,Digital Wallet,Mobile App
ORD0000692,CUST026529,2025-01-22,Shipped,UPI,Mobile App
ORD0000693,CUST028900,2025-08-20,Returned,Bank Transfer,Retail Store
ORD0000694,CUST020048,2025-06-12,Cancelled,UPI,Retail Store
ORD0000695,CUST041560,2026-02-23,Returned,UPI,Partner
ORD0000696,CUST047171,2024-09-13,Processing,Digital Wallet,Retail Store
ORD0000697,CUST009593,2025-12-13,Cancelled,Bank Transfer,Mobile App
ORD0000698,CUST035826,2023-10-30,Cancelled,Credit Card,Retail Store
ORD0000699,CUST036074,2025-02-06,Cancelled,Debit Card,Partner
ORD0000700,CUST009291,2026-03-01,Cancelled,Bank Transfer,Retail Store
ORD0000701,CUST048076,2024-04-18,Completed,UPI,Partner
ORD0000702,CUST049909,2024-04-20,Cancelled,UPI,Retail Store
ORD0000703,CUST044900,2025-09-09,Completed,Digital Wallet,Mobile App
ORD0000704,CUST041635,2024-03-01,Processing,Bank Transfer,Website
ORD0000705,CUST010981,2026-03-27,Processing,UPI,Mobile App
ORD0000706,CUST026120,2023-10-21,Shipped,Credit Card,Partner
ORD0000707,CUST042354,2026-01-26,Cancelled,Digital Wallet,Mobile App
ORD0000708,CUST044329,2025-02-10,Returned,Credit Card,Retail Store
ORD0000709,CUST044302,2026-08-12,Cancelled,Debit Card,Mobile App
ORD0000710,CUST015114,2026-06-20,Completed,Credit Card,Partner
ORD0000711,CUST046314,2024-01-13,Processing,Bank Transfer,Mobile App
ORD0000712,CUST012545,2024-03-03,Returned,Credit Card,Partner
ORD0000713,CUST048845,2025-03-06,Processing,UPI,Mobile App
ORD0000714,CUST028233,2025-12-04,Shipped,Credit Card,Retail Store
ORD0000715,CUST029343,2026-06-18,Shipped,Debit Card,Mobile App
ORD0000716,CUST021551,2025-05-06,Shipped,Digital Wallet,Website
ORD0000717,CUST001154,2025-09-29,Processing,Digital Wallet,Partner
ORD0000718,CUST003932,2024-07-20,Returned,UPI,Retail Store
ORD0000719,CUST029118,2024-05-09,Completed,Credit Card,Retail Store
ORD0000720,CUST047362,2024-05-23,Processing,Debit Card,Mobile App
ORD0000721,CUST028994,2026-05-17,Processing,Bank Transfer,Mobile App
ORD0000722,CUST033975,2023-09-21,Cancelled,Digital Wallet,Retail Store
ORD0000723,CUST034177,2024-11-23,Shipped,Debit Card,Mobile App
ORD0000724,CUST008556,2026-01-19,Completed,Debit Card,Partner
ORD0000725,CUST046790,2025-06-07,Returned,UPI,Website
ORD0000726,CUST031198,2024-05-27,Completed,Debit Card,Partner
ORD0000727,CUST035215,2026-04-05,Cancelled,Digital Wallet,Mobile App
ORD0000728,CUST041839,2025-05-12,Processing,Debit Card,Website
ORD0000729,CUST016220,2023-12-19,Shipped,Bank Transfer,Mobile App
ORD0000730,CUST020416,2024-08-25,Processing,Digital Wallet,Partner
ORD0000731,CUST014072,2024-12-04,Completed,UPI,Partner
ORD0000732,CUST034374,2025-07-15,Processing,Bank Transfer,Retail Store
ORD0000733,CUST012729,2025-11-30,Cancelled,UPI,Mobile App
ORD0000734,CUST020628,2024-11-10,Shipped,Credit Card,Mobile App
ORD0000735,CUST026019,2025-04-30,Processing,Credit Card,Mobile App
ORD0000736,CUST020760,2024-06-14,Completed,Digital Wallet,Mobile App
ORD0000737,CUST008350,2024-11-23,Processing,Bank Transfer,Partner
ORD0000738,CUST047183,2025-04-06,Cancelled,Digital Wallet,Retail Store
ORD0000739,CUST035494,2024-07-23,Completed,Digital Wallet,Retail Store
ORD0000740,CUST005808,2024-05-05,Shipped,UPI,Retail Store
ORD0000741,CUST005070,2024-11-18,Completed,Digital Wallet,Website
ORD0000742,CUST017991,2025-06-05,Completed,Digital Wallet,Mobile App
ORD0000743,CUST012885,2024-04-29,Returned,UPI,Partner
ORD0000744,CUST033778,2023-10-18,Returned,UPI,Partner
ORD0000745,CUST024597,2025-10-18,Returned,Debit Card,Partner
ORD0000746,CUST012123,2024-05-15,Returned,Debit Card,Mobile App
ORD0000747,CUST039936,2023-10-24,Completed,Bank Transfer,Website
ORD0000748,CUST041902,2026-07-05,Processing,Digital Wallet,Partner
ORD0000749,CUST040391,2025-03-26,Processing,Bank Transfer,Retail Store
ORD0000750,CUST016354,2024-06-22,Shipped,Bank Transfer,Mobile App
ORD0000751,CUST004714,2024-02-04,Processing,Credit Card,Mobile App
ORD0000752,CUST032049,2024-07-05,Cancelled,UPI,Mobile App
ORD0000753,CUST036604,2024-09-04,Completed,Bank Transfer,Partner
ORD0000754,CUST008393,2026-06-27,Cancelled,Debit Card,Mobile App
ORD0000755,CUST001751,2024-12-03,Cancelled,Digital Wallet,Retail Store
ORD0000756,CUST004466,2026-01-19,Shipped,Debit Card,Website
ORD0000757,CUST035070,2025-06-22,Returned,Bank Transfer,Retail Store
ORD0000758,CUST002296,2023-12-07,Returned,Credit Card,Website
ORD0000759,CUST025348,2026-02-19,Shipped,Bank Transfer,Website
ORD0000760,CUST044541,2024-09-28,Returned,Credit Card,Partner
ORD0000761,CUST037147,2025-03-03,Processing,Bank Transfer,Partner
ORD0000762,CUST013222,2026-01-27,Shipped,Bank Transfer,Mobile App
ORD0000763,CUST048688,2025-01-04,Processing,Digital Wallet,Mobile App
ORD0000764,CUST025696,2023-11-16,Cancelled,UPI,Partner
ORD0000765,CUST021963,2025-04-09,Returned,Credit Card,Retail Store
ORD0000766,CUST020696,2025-09-18,Processing,Bank Transfer,Retail Store
ORD0000767,CUST048058,2024-02-21,Processing,Digital Wallet,Mobile App
ORD0000768,CUST032894,2026-04-02,Processing,UPI,Retail Store
ORD0000769,CUST011071,2025-11-11,Cancelled,Bank Transfer,Retail Store
ORD0000770,CUST035927,2025-12-22,Shipped,Credit Card,Retail Store
ORD0000771,CUST028883,2024-04-18,Completed,UPI,Mobile App
ORD0000772,CUST033034,2024-05-28,Cancelled,Debit Card,Website
ORD0000773,CUST033080,2024-06-08,Processing,Bank Transfer,Mobile App
ORD0000774,CUST027709,2024-09-18,Shipped,Debit Card,Website
ORD0000775,CUST015946,2023-09-21,Shipped,Credit Card,Mobile App
ORD0000776,CUST042113,2025-05-02,Cancelled,Credit Card,Website
ORD0000777,CUST037159,2024-04-04,Completed,Debit Card,Partner
ORD0000778,CUST003567,2024-10-12,Processing,Credit Card,Retail Store
ORD0000779,CUST035016,2024-09-25,Completed,Credit Card,Mobile App
ORD0000780,CUST030213,2025-04-15,Shipped,Bank Transfer,Mobile App
ORD0000781,CUST048933,2026-03-01,Shipped,Credit Card,Partner
ORD0000782,CUST034535,2025-06-05,Completed,Credit Card,Partner
ORD0000783,CUST030627,2026-03-07,Processing,Bank Transfer,Partner
ORD0000784,CUST044222,2023-12-26,Cancelled,Bank Transfer,Retail Store
ORD0000785,CUST049233,2024-11-04,Returned,UPI,Retail Store
ORD0000786,CUST004300,2026-08-05,Processing,Debit Card,Retail Store
ORD0000787,CUST036053,2025-08-11,Cancelled,Debit Card,Partner
ORD0000788,CUST010688,2026-09-16,Cancelled,Bank Transfer,Retail Store
ORD0000789,CUST029022,2026-05-15,Completed,Debit Card,Partner
ORD0000790,CUST026617,2025-09-20,Returned,Credit Card,Retail Store
ORD0000791,CUST020529,2025-12-06,Completed,Debit Card,Mobile App
ORD0000792,CUST041387,2026-08-14,Processing,Debit Card,Partner
ORD0000793,CUST040467,2024-12-25,Returned,Debit Card,Partner
ORD0000794,CUST019152,2025-12-10,Shipped,Bank Transfer,Partner
ORD0000795,CUST046903,2024-11-09,Returned,Credit Card,Partner
ORD0000796,CUST047376,2026-04-28,Cancelled,UPI,Partner
ORD0000797,CUST028143,2024-08-17,Cancelled,Digital Wallet,Partner
ORD0000798,CUST034357,2023-09-22,Shipped,UPI,Retail Store
ORD0000799,CUST005280,2025-02-16,Completed,Digital Wallet,Partner
ORD0000800,CUST001910,2026-06-03,Shipped,Credit Card,Retail Store
ORD0000801,CUST013886,2025-03-06,Completed,Credit Card,Mobile App
ORD0000802,CUST016919,2024-08-20,Shipped,Credit Card,Retail Store
ORD0000803,CUST039603,2026-06-09,Returned,Credit Card,Retail Store
ORD0000804,CUST043545,2025-07-22,Returned,UPI,Website
ORD0000805,CUST033072,2023-12-22,Shipped,Debit Card,Mobile App
ORD0000806,CUST017884,2024-01-18,Shipped,Bank Transfer,Website
ORD0000807,CUST027550,2026-07-31,Completed,Bank Transfer,Retail Store
ORD0000808,CUST023756,2024-02-07,Processing,Digital Wallet,Partner
ORD0000809,CUST023393,2024-01-21,Shipped,Bank Transfer,Mobile App
ORD0000810,CUST034755,2024-12-26,Returned,Credit Card,Mobile App
ORD0000811,CUST047617,2024-10-04,Completed,Credit Card,Website
ORD0000812,CUST022040,2024-01-06,Returned,UPI,Partner
ORD0000813,CUST015902,2024-10-07,Shipped,Bank Transfer,Partner
ORD0000814,CUST011564,2026-04-26,Returned,Digital Wallet,Mobile App
ORD0000815,CUST038710,2025-11-05,Processing,Digital Wallet,Partner
ORD0000816,CUST000937,2024-11-17,Cancelled,Digital Wallet,Partner
ORD0000817,CUST001761,2025-03-01,Processing,Bank Transfer,Website
ORD0000818,CUST009475,2023-11-07,Shipped,Credit Card,Retail Store
ORD0000819,CUST037206,2026-06-26,Completed,Debit Card,Website
ORD0000820,CUST041752,2023-09-26,Returned,Credit Card,Website
ORD0000821,CUST021989,2024-06-26,Cancelled,Credit Card,Mobile App
ORD0000822,CUST021349,2025-09-09,Returned,Digital Wallet,Mobile App
ORD0000823,CUST008581,2025-01-26,Returned,UPI,Mobile App
ORD0000824,CUST012385,2024-12-29,Returned,UPI,Mobile App
ORD0000825,CUST001768,2023-12-24,Completed,Debit Card,Retail Store
ORD0000826,CUST024199,2024-11-05,Shipped,Bank Transfer,Retail Store
ORD0000827,CUST007326,2024-08-04,Completed,Debit Card,Website
ORD0000828,CUST042576,2026-02-03,Cancelled,Bank Transfer,Website
ORD0000829,CUST005835,2024-09-19,Shipped,Debit Card,Retail Store
ORD0000830,CUST031407,2025-09-07,Returned,UPI,Partner
ORD0000831,CUST046036,2026-06-03,Cancelled,Digital Wallet,Retail Store
ORD0000832,CUST004207,2026-01-10,Cancelled,Bank Transfer,Retail Store
ORD0000833,CUST039789,2024-02-23,Returned,UPI,Website
ORD0000834,CUST033781,2025-09-13,Returned,Credit Card,Website
ORD0000835,CUST024304,2026-04-14,Cancelled,Bank Transfer,Partner
ORD0000836,CUST016111,2024-12-01,Processing,Digital Wallet,Retail Store
ORD0000837,CUST019034,2025-11-30,Returned,Digital Wallet,Partner
ORD0000838,CUST038021,2024-11-05,Shipped,UPI,Retail Store
ORD0000839,CUST039686,2026-04-29,Completed,Digital Wallet,Website
ORD0000840,CUST025535,2023-11-18,Cancelled,Digital Wallet,Website
ORD0000841,CUST044399,2026-02-28,Returned,Digital Wallet,Mobile App
ORD0000842,CUST011892,2025-08-24,Shipped,Debit Card,Partner
ORD0000843,CUST026647,2026-07-19,Shipped,Credit Card,Website
ORD0000844,CUST024263,2024-01-26,Completed,Digital Wallet,Retail Store
ORD0000845,CUST009769,2025-02-08,Returned,Credit Card,Retail Store
ORD0000846,CUST004059,2024-01-11,Returned,Debit Card,Mobile App
ORD0000847,CUST007166,2025-09-03,Cancelled,Debit Card,Website
ORD0000848,CUST007520,2025-09-19,Returned,Digital Wallet,Website
ORD0000849,CUST028497,2023-12-04,Cancelled,Credit Card,Retail Store
ORD0000850,CUST001584,2024-08-17,Shipped,UPI,Retail Store
ORD0000851,CUST033968,2024-10-20,Cancelled,Bank Transfer,Retail Store
ORD0000852,CUST024243,2025-06-19,Shipped,UPI,Partner
ORD0000853,CUST034019,2025-08-21,Returned,Debit Card,Website
ORD0000854,CUST022425,2025-06-29,Shipped,Credit Card,Retail Store
ORD0000855,CUST008256,2024-06-28,Shipped,UPI,Mobile App
ORD0000856,CUST015576,2025-09-14,Cancelled,Bank Transfer,Retail Store
ORD0000857,CUST021270,2024-04-22,Completed,Digital Wallet,Retail Store
ORD0000858,CUST048610,2025-07-26,Processing,Digital Wallet,Partner
ORD0000859,CUST017723,2024-10-20,Shipped,Bank Transfer,Mobile App
ORD0000860,CUST048536,2024-11-01,Cancelled,Bank Transfer,Website
ORD0000861,CUST041055,2026-09-06,Cancelled,Digital Wallet,Website
ORD0000862,CUST048919,2023-10-18,Cancelled,UPI,Website
ORD0000863,CUST011564,2026-08-28,Completed,Debit Card,Mobile App
ORD0000864,CUST027000,2023-12-09,Cancelled,Bank Transfer,Website
ORD0000865,CUST045212,2024-02-05,Cancelled,Digital Wallet,Retail Store
ORD0000866,CUST039343,2024-03-10,Completed,Credit Card,Partner
ORD0000867,CUST035176,2024-08-07,Cancelled,Credit Card,Mobile App
ORD0000868,CUST012995,2025-07-06,Shipped,Digital Wallet,Mobile App
ORD0000869,CUST008112,2025-11-15,Shipped,Digital Wallet,Mobile App
ORD0000870,CUST012546,2025-07-11,Cancelled,Credit Card,Mobile App
ORD0000871,CUST011755,2024-05-26,Returned,Credit Card,Mobile App
ORD0000872,CUST043173,2024-10-29,Processing,Digital Wallet,Mobile App
ORD0000873,CUST040234,2025-01-08,Completed,Bank Transfer,Website
ORD0000874,CUST019079,2025-09-14,Returned,Debit Card,Mobile App
ORD0000875,CUST038362,2026-04-12,Processing,Digital Wallet,Website
ORD0000876,CUST028611,2023-10-12,Returned,Digital Wallet,Retail Store
ORD0000877,CUST022260,2026-08-28,Processing,Bank Transfer,Retail Store
ORD0000878,CUST042884,2024-09-20,Returned,UPI,Retail Store
ORD0000879,CUST033885,2026-01-31,Shipped,Debit Card,Mobile App
ORD0000880,CUST044963,2025-03-10,Returned,Debit Card,Mobile App
ORD0000881,CUST002645,2024-10-04,Returned,Digital Wallet,Partner
ORD0000882,CUST018136,2023-11-18,Returned,Bank Transfer,Website
ORD0000883,CUST018930,2026-07-02,Returned,Digital Wallet,Mobile App
ORD0000884,CUST012040,2025-06-28,Cancelled,Debit Card,Retail Store
ORD0000885,CUST026544,2024-02-23,Shipped,Digital Wallet,Retail Store
ORD0000886,CUST000432,2024-10-22,Processing,Credit Card,Retail Store
ORD0000887,CUST024706,2024-03-18,Shipped,Digital Wallet,Website
ORD0000888,CUST023610,2026-01-11,Processing,Credit Card,Website
ORD0000889,CUST042365,2024-06-29,Returned,Digital Wallet,Mobile App
ORD0000890,CUST037657,2024-02-04,Shipped,Digital Wallet,Website
ORD0000891,CUST041812,2026-08-23,Returned,UPI,Mobile App
ORD0000892,CUST021039,2026-06-05,Returned,Bank Transfer,Retail Store
ORD0000893,CUST044494,2024-06-28,Completed,Credit Card,Retail Store
ORD0000894,CUST034962,2024-02-28,Processing,Debit Card,Retail Store
ORD0000895,CUST049148,2024-05-04,Cancelled,Digital Wallet,Partner
ORD0000896,CUST017174,2026-06-22,Completed,Debit Card,Mobile App
ORD0000897,CUST022582,2025-11-21,Completed,Debit Card,Partner
ORD0000898,CUST000338,2023-11-17,Processing,Digital Wallet,Website
ORD0000899,CUST032984,2024-04-26,Completed,Credit Card,Mobile App
ORD0000900,CUST034784,2024-04-15,Processing,Digital Wallet,Website
ORD0000901,CUST002000,2025-02-13,Processing,Debit Card,Partner
ORD0000902,CUST015352,2024-06-05,Completed,Digital Wallet,Partner
ORD0000903,CUST007393,2024-03-13,Completed,Credit Card,Website
ORD0000904,CUST036615,2026-01-19,Returned,Debit Card,Retail Store
ORD0000905,CUST015083,2025-04-08,Returned,UPI,Partner
ORD0000906,CUST044962,2023-11-27,Processing,Debit Card,Website
ORD0000907,CUST008393,2024-12-03,Cancelled,Credit Card,Website
ORD0000908,CUST029577,2023-11-11,Returned,Bank Transfer,Website
ORD0000909,CUST015006,2024-11-10,Shipped,Bank Transfer,Partner
ORD0000910,CUST031931,2024-02-15,Shipped,Digital Wallet,Partner
ORD0000911,CUST028454,2025-12-30,Returned,Debit Card,Mobile App
ORD0000912,CUST005863,2025-09-20,Returned,Debit Card,Mobile App
ORD0000913,CUST005370,2025-11-13,Processing,Debit Card,Retail Store
ORD0000914,CUST040040,2023-12-09,Completed,Bank Transfer,Partner
ORD0000915,CUST009592,2025-10-14,Shipped,Credit Card,Partner
ORD0000916,CUST042017,2026-05-23,Returned,Bank Transfer,Retail Store
ORD0000917,CUST022431,2026-06-26,Completed,Credit Card,Website
ORD0000918,CUST035529,2023-11-03,Cancelled,Digital Wallet,Website
ORD0000919,CUST001459,2024-11-04,Cancelled,Digital Wallet,Retail Store
ORD0000920,CUST013187,2024-04-05,Completed,Credit Card,Retail Store
ORD0000921,CUST006260,2026-02-02,Completed,Credit Card,Retail Store
ORD0000922,CUST036558,2025-10-03,Returned,Bank Transfer,Website
ORD0000923,CUST001186,2024-09-12,Returned,Debit Card,Retail Store
ORD0000924,CUST032631,2025-10-04,Completed,Bank Transfer,Website
ORD0000925,CUST018440,2025-12-06,Completed,Digital Wallet,Partner
ORD0000926,CUST001422,2024-05-03,Cancelled,Debit Card,Retail Store
ORD0000927,CUST043764,2024-05-06,Shipped,Credit Card,Partner
ORD0000928,CUST016082,2026-06-19,Shipped,UPI,Retail Store
ORD0000929,CUST009427,2025-08-04,Shipped,Bank Transfer,Retail Store
ORD0000930,CUST029534,2024-03-27,Processing,Digital Wallet,Mobile App
ORD0000931,CUST040929,2026-01-22,Shipped,Credit Card,Retail Store
ORD0000932,CUST011419,2025-07-23,Completed,UPI,Retail Store
ORD0000933,CUST028009,2026-08-14,Processing,Debit Card,Mobile App
ORD0000934,CUST021941,2024-01-28,Completed,UPI,Website
ORD0000935,CUST025926,2025-09-19,Shipped,Bank Transfer,Retail Store
ORD0000936,CUST040902,2024-11-15,Cancelled,UPI,Partner
ORD0000937,CUST022405,2024-05-10,Processing,Digital Wallet,Retail Store
ORD0000938,CUST029842,2024-06-16,Processing,Digital Wallet,Retail Store
ORD0000939,CUST021853,2024-03-05,Returned,Digital Wallet,Retail Store
ORD0000940,CUST028365,2024-07-29,Returned,Debit Card,Mobile App
ORD0000941,CUST024623,2026-07-29,Shipped,UPI,Website
ORD0000942,CUST042058,2024-09-23,Shipped,UPI,Website
ORD0000943,CUST017949,2025-03-18,Processing,Bank Transfer,Mobile App
ORD0000944,CUST028807,2026-03-15,Returned,Bank Transfer,Website
ORD0000945,CUST003459,2023-09-21,Completed,Debit Card,Partner
ORD0000946,CUST020813,2024-02-26,Completed,Debit Card,Mobile App
ORD0000947,CUST039766,2024-03-18,Completed,UPI,Website
ORD0000948,CUST010878,2024-05-13,Shipped,Credit Card,Website
ORD0000949,CUST045885,2023-12-07,Returned,Debit Card,Retail Store
ORD0000950,CUST001462,2024-03-25,Cancelled,Digital Wallet,Mobile App
ORD0000951,CUST017528,2024-07-14,Shipped,Digital Wallet,Partner
ORD0000952,CUST009919,2024-10-30,Processing,Digital Wallet,Retail Store
ORD0000953,CUST048302,2024-02-04,Returned,Bank Transfer,Website
ORD0000954,CUST012668,2025-01-28,Cancelled,Bank Transfer,Retail Store
ORD0000955,CUST007939,2025-12-23,Cancelled,Credit Card,Website
ORD0000956,CUST014477,2024-11-19,Completed,UPI,Partner
ORD0000957,CUST001836,2024-08-24,Processing,Debit Card,Mobile App
ORD0000958,CUST003143,2026-08-18,Processing,Bank Transfer,Retail Store
ORD0000959,CUST041939,2026-08-27,Processing,Bank Transfer,Website
ORD0000960,CUST022028,2025-06-29,Completed,Digital Wallet,Mobile App
ORD0000961,CUST028199,2026-01-30,Cancelled,Credit Card,Mobile App
ORD0000962,CUST012418,2023-10-21,Returned,Digital Wallet,Retail Store
ORD0000963,CUST033090,2026-07-07,Returned,Credit Card,Partner
ORD0000964,CUST042589,2024-05-28,Processing,Digital Wallet,Website
ORD0000965,CUST003684,2025-01-18,Shipped,Digital Wallet,Mobile App
ORD0000966,CUST036695,2025-07-02,Cancelled,Digital Wallet,Retail Store
ORD0000967,CUST024272,2024-06-20,Shipped,Debit Card,Retail Store
ORD0000968,CUST040161,2026-03-17,Completed,UPI,Partner
ORD0000969,CUST048118,2025-03-29,Cancelled,Bank Transfer,Mobile App
ORD0000970,CUST003209,2024-05-19,Returned,Digital Wallet,Partner
ORD0000971,CUST041610,2023-10-11,Cancelled,Debit Card,Partner
ORD0000972,CUST020363,2025-02-24,Shipped,Bank Transfer,Partner
ORD0000973,CUST042944,2025-08-19,Shipped,Credit Card,Mobile App
ORD0000974,CUST033358,2024-12-13,Returned,UPI,Mobile App
ORD0000975,CUST024322,2025-04-08,Returned,Credit Card,Mobile App
ORD0000976,CUST033494,2023-12-14,Completed,Debit Card,Retail Store
ORD0000977,CUST003261,2025-06-25,Completed,Bank Transfer,Retail Store
ORD0000978,CUST019502,2024-10-20,Shipped,Digital Wallet,Partner
ORD0000979,CUST047739,2023-09-23,Cancelled,Credit Card,Mobile App
ORD0000980,CUST043210,2024-08-10,Shipped,Credit Card,Website
ORD0000981,CUST012975,2024-06-18,Shipped,Digital Wallet,Mobile App
ORD0000982,CUST029084,2024-12-04,Cancelled,Debit Card,Mobile App
ORD0000983,CUST012899,2025-03-11,Shipped,Debit Card,Website
ORD0000984,CUST039740,2025-07-10,Completed,Bank Transfer,Retail Store
ORD0000985,CUST019139,2026-06-16,Cancelled,UPI,Website
ORD0000986,CUST043427,2023-10-02,Returned,Bank Transfer,Retail Store
ORD0000987,CUST033501,2023-12-10,Completed,Bank Transfer,Mobile App
ORD0000988,CUST042599,2025-08-10,Processing,Credit Card,Partner
ORD0000989,CUST022308,2026-05-15,Shipped,Bank Transfer,Website
ORD0000990,CUST001639,2024-07-31,Completed,Digital Wallet,Retail Store
ORD0000991,CUST010339,2025-01-27,Completed,Digital Wallet,Retail Store
ORD0000992,CUST019268,2025-01-12,Processing,Credit Card,Mobile App
ORD0000993,CUST001424,2023-10-11,Processing,Credit Card,Website
ORD0000994,CUST026172,2025-10-28,Processing,Bank Transfer,Mobile App
ORD0000995,CUST022512,2024-01-22,Completed,Debit Card,Retail Store
ORD0000996,CUST017602,2024-02-24,Cancelled,UPI,Mobile App
ORD0000997,CUST041998,2026-01-27,Completed,Debit Card,Retail Store
ORD0000998,CUST032051,2025-09-10,Cancelled,Debit Card,Website
ORD0000999,CUST038529,2024-08-17,Completed,Bank Transfer,Retail Store
ORD0001000,CUST040515,2024-11-04,Shipped,Debit Card,Retail Store