order_item_id,order_id,product_id,quantity,unit_price,discount_percent
ITEM00001553,ORD0175530,PROD00978,2,276.37,20.00
ITEM00001554,ORD0446324,PROD00111,5,733.19,0.00
ITEM00001555,ORD0047630,PROD00259,5,1358.37,0.00
ITEM00001556,ORD0139329,PROD00469,5,1734.47,10.00
ITEM00001557,ORD0307254,PROD00544,4,1725.45,5.00
ITEM00001558,ORD0349817,PROD00916,3,823.69,15.00
ITEM00001559,ORD0466043,PROD00522,2,1067.04,0.00
ITEM00001560,ORD0207078,PROD00046,3,1735.24,0.00
ITEM00001561,ORD0360071,PROD00319,3,266.62,10.00
ITEM00001562,ORD0098356,PROD00844,3,1073.24,20.00
ITEM00001563,ORD0038462,PROD00509,1,1910.48,15.00
ITEM00001564,ORD0073768,PROD00959,2,1321.36,5.00
ITEM00001565,ORD0216549,PROD00345,3,1885.52,20.00
ITEM00001566,ORD0183789,PROD00859,4,590.19,10.00
ITEM00001567,ORD0127470,PROD00620,4,1530.13,0.00
ITEM00001568,ORD0108721,PROD00265,5,1722.92,10.00
ITEM00001569,ORD0471507,PROD00267,2,128.56,10.00
ITEM00001570,ORD0203585,PROD00061,4,756.47,20.00
ITEM00001571,ORD0220700,PROD00559,2,564.00,5.00
ITEM00001572,ORD0281158,PROD00537,1,105.77,0.00
ITEM00001573,ORD0049434,PROD00835,2,127.05,20.00
ITEM00001574,ORD0321973,PROD00643,2,58.79,0.00
ITEM00001575,ORD0176838,PROD00259,3,1379.39,5.00
ITEM00001576,ORD0185469,PROD00163,3,632.34,15.00
ITEM00001577,ORD0149189,PROD00064,2,671.37,10.00
ITEM00001578,ORD0456846,PROD00886,5,1200.77,10.00
ITEM00001579,ORD0499096,PROD00027,3,632.04,10.00
ITEM00001580,ORD0468350,PROD00352,5,765.19,20.00
ITEM00001581,ORD0021865,PROD00379,5,867.15,20.00
ITEM00001582,ORD0020724,PROD00670,3,392.24,10.00
ITEM00001583,ORD0196072,PROD00311,4,953.28,15.00
ITEM00001584,ORD0051517,PROD00282,1,529.91,0.00
ITEM00001585,ORD0039991,PROD00437,3,331.73,5.00
ITEM00001586,ORD0240488,PROD00667,5,1311.01,20.00
ITEM00001587,ORD0034184,PROD00291,5,1239.49,10.00
ITEM00001588,ORD0181921,PROD00766,3,234.88,20.00
ITEM00001589,ORD0241451,PROD00063,3,127.58,15.00
ITEM00001590,ORD0203673,PROD00017,1,1927.45,10.00
ITEM00001591,ORD0277891,PROD00230,5,1405.04,5.00
ITEM00001592,ORD0219776,PROD00134,2,973.68,5.00
ITEM00001593,ORD0383901,PROD00425,1,1538.11,10.00
ITEM00001594,ORD0093862,PROD00626,1,1183.84,10.00
ITEM00001595,ORD0383408,PROD00232,4,1297.89,20.00
ITEM00001596,ORD0449993,PROD00436,2,144.35,20.00
ITEM00001597,ORD0047452,PROD00955,3,1059.46,10.00
ITEM00001598,ORD0377575,PROD00318,5,392.75,20.00
ITEM00001599,ORD0320025,PROD00768,5,293.62,0.00
ITEM00001600,ORD0135183,PROD00321,1,281.89,0.00
ITEM00001601,ORD0458472,PROD00388,1,1136.53,5.00
ITEM00001602,ORD0361204,PROD00770,3,1779.05,0.00
ITEM00001603,ORD0056821,PROD00366,2,946.68,0.00
ITEM00001604,ORD0214322,PROD00412,4,1965.09,0.00
ITEM00001605,ORD0311091,PROD00236,4,1162.63,0.00
ITEM00001606,ORD0464576,PROD00854,4,216.35,20.00
ITEM00001607,ORD0026619,PROD00499,4,194.50,0.00
ITEM00001608,ORD0444865,PROD00374,4,141.07,15.00
ITEM00001609,ORD0289185,PROD00720,2,1957.22,5.00
ITEM00001610,ORD0252281,PROD00988,1,881.15,0.00
ITEM00001611,ORD0234140,PROD00872,5,1018.30,20.00
ITEM00001612,ORD0320251,PROD00618,2,1589.81,15.00
ITEM00001613,ORD0497189,PROD00782,2,758.52,10.00
ITEM00001614,ORD0051545,PROD00638,1,223.63,10.00
ITEM00001615,ORD0205170,PROD00366,3,591.68,5.00
ITEM00001616,ORD0220613,PROD00882,4,374.92,5.00
ITEM00001617,ORD0003779,PROD00510,4,572.74,15.00
ITEM00001618,ORD0052333,PROD00681,4,253.03,20.00
ITEM00001619,ORD0016654,PROD00482,2,587.61,10.00
ITEM00001620,ORD0440229,PROD00530,3,1416.01,15.00
ITEM00001621,ORD0268665,PROD00022,2,1583.75,10.00
ITEM00001622,ORD0455801,PROD00302,3,824.54,5.00
ITEM00001623,ORD0135718,PROD00869,5,661.63,15.00
ITEM00001624,ORD0200858,PROD00585,4,1089.83,0.00
ITEM00001625,ORD0227647,PROD00033,1,605.36,0.00
ITEM00001626,ORD0430529,PROD00213,3,783.66,10.00
ITEM00001627,ORD0169872,PROD00408,4,1632.23,5.00
ITEM00001628,ORD0259654,PROD00144,4,374.22,0.00
ITEM00001629,ORD0337145,PROD00228,2,1755.23,20.00
ITEM00001630,ORD0169017,PROD00015,3,376.90,0.00
ITEM00001631,ORD0464193,PROD00241,2,82.49,5.00
ITEM00001632,ORD0163442,PROD00660,5,1148.35,20.00
ITEM00001633,ORD0353671,PROD00965,2,529.28,5.00
ITEM00001634,ORD0355730,PROD00476,4,1882.00,20.00
ITEM00001635,ORD0296603,PROD00386,3,1538.82,5.00
ITEM00001636,ORD0278637,PROD00910,5,475.21,0.00
ITEM00001637,ORD0076076,PROD00807,4,412.85,15.00
ITEM00001638,ORD0069721,PROD00691,3,271.20,0.00
ITEM00001639,ORD0137079,PROD00916,2,1964.91,15.00
ITEM00001640,ORD0470462,PROD00223,3,857.20,0.00
ITEM00001641,ORD0411935,PROD00175,2,1519.29,10.00
ITEM00001642,ORD0099073,PROD00945,2,1252.59,0.00
ITEM00001643,ORD0434976,PROD00462,4,1626.00,15.00
ITEM00001644,ORD0183036,PROD00210,5,1522.48,0.00
ITEM00001645,ORD0392532,PROD00207,5,1838.55,0.00
ITEM00001646,ORD0072308,PROD00333,1,269.37,15.00
ITEM00001647,ORD0073661,PROD00396,3,72.03,0.00
ITEM00001648,ORD0428076,PROD00775,4,1878.51,15.00
ITEM00001649,ORD0438722,PROD00308,3,1854.35,10.00
ITEM00001650,ORD0434935,PROD00027,3,1887.87,20.00
ITEM00001651,ORD0497950,PROD00414,2,522.26,0.00
ITEM00001652,ORD0468322,PROD00745,4,496.70,5.00
ITEM00001653,ORD0239305,PROD00401,1,610.79,10.00
ITEM00001654,ORD0245968,PROD00375,4,828.06,20.00
ITEM00001655,ORD0181384,PROD00880,3,1432.32,10.00
ITEM00001656,ORD0259511,PROD00536,2,121.11,10.00
ITEM00001657,ORD0029045,PROD00867,1,622.14,5.00
ITEM00001658,ORD0226393,PROD00412,3,1971.76,5.00
ITEM00001659,ORD0131028,PROD00814,1,1682.22,5.00
ITEM00001660,ORD0043701,PROD00274,3,725.99,0.00
ITEM00001661,ORD0096773,PROD00556,5,394.64,10.00
ITEM00001662,ORD0195331,PROD00230,5,1356.02,5.00
ITEM00001663,ORD0372753,PROD00215,5,579.90,5.00
ITEM00001664,ORD0324704,PROD00928,2,1954.70,10.00
ITEM00001665,ORD0298260,PROD00150,5,1179.13,20.00
ITEM00001666,ORD0230996,PROD00007,5,838.12,5.00
ITEM00001667,ORD0349868,PROD00767,2,370.68,0.00
ITEM00001668,ORD0188903,PROD00187,3,969.83,5.00
ITEM00001669,ORD0096656,PROD00599,5,52.82,20.00
ITEM00001670,ORD0116709,PROD00707,1,1127.82,15.00
ITEM00001671,ORD0017437,PROD00149,1,1548.09,20.00
ITEM00001672,ORD0343106,PROD00845,4,133.42,0.00
ITEM00001673,ORD0385791,PROD00165,1,1488.52,10.00
ITEM00001674,ORD0462735,PROD00388,3,729.55,10.00
ITEM00001675,ORD0319738,PROD00678,3,242.21,15.00
ITEM00001676,ORD0259264,PROD00180,2,1254.44,20.00
ITEM00001677,ORD0076225,PROD00049,2,1040.31,5.00
ITEM00001678,ORD0035491,PROD00898,5,432.77,20.00
ITEM00001679,ORD0213306,PROD00172,5,327.42,20.00
ITEM00001680,ORD0222779,PROD00902,1,1203.64,20.00
ITEM00001681,ORD0437693,PROD00750,1,292.86,5.00
ITEM00001682,ORD0311628,PROD00778,1,957.79,20.00
ITEM00001683,ORD0448025,PROD00096,5,450.50,0.00
ITEM00001684,ORD0257916,PROD00363,1,1442.35,20.00
ITEM00001685,ORD0112869,PROD00249,2,1465.78,20.00
ITEM00001686,ORD0397617,PROD00710,4,1953.45,0.00
ITEM00001687,ORD0198654,PROD00449,4,731.47,5.00
ITEM00001688,ORD0484236,PROD00756,4,1405.61,20.00
ITEM00001689,ORD0218891,PROD00079,3,1255.51,0.00
ITEM00001690,ORD0178690,PROD00027,2,381.27,10.00
ITEM00001691,ORD0129596,PROD00858,4,1761.17,15.00
ITEM00001692,ORD0067073,PROD00790,3,334.48,0.00
ITEM00001693,ORD0115102,PROD00674,4,1582.48,15.00
ITEM00001694,ORD0433462,PROD00849,1,103.32,10.00
ITEM00001695,ORD0233269,PROD00416,2,513.22,0.00
ITEM00001696,ORD0377478,PROD00591,5,669.00,5.00
ITEM00001697,ORD0197910,PROD00761,1,509.55,5.00
ITEM00001698,ORD0340807,PROD00633,1,403.58,20.00
ITEM00001699,ORD0271854,PROD00632,3,340.44,20.00
ITEM00001700,ORD0102252,PROD00393,2,1210.02,5.00
ITEM00001701,ORD0211955,PROD00655,4,566.66,0.00
ITEM00001702,ORD0130887,PROD00516,5,144.53,15.00
ITEM00001703,ORD0265214,PROD00843,5,527.38,10.00
ITEM00001704,ORD0352225,PROD00140,1,1519.92,0.00
ITEM00001705,ORD0035538,PROD00478,3,1931.11,20.00
ITEM00001706,ORD0298736,PROD00660,1,282.60,10.00
ITEM00001707,ORD0093775,PROD00480,4,1493.62,20.00
ITEM00001708,ORD0224169,PROD00947,3,1844.31,0.00
ITEM00001709,ORD0150723,PROD00294,1,828.86,5.00
ITEM00001710,ORD0201240,PROD00224,5,59.26,0.00
ITEM00001711,ORD0409352,PROD00923,2,1640.61,20.00
ITEM00001712,ORD0485500,PROD00640,5,914.01,10.00
ITEM00001713,ORD0341643,PROD00325,3,1432.45,5.00
ITEM00001714,ORD0404770,PROD00625,1,149.62,15.00
ITEM00001715,ORD0257434,PROD00190,4,913.87,10.00
ITEM00001716,ORD0101719,PROD00200,3,394.96,20.00
ITEM00001717,ORD0231980,PROD00615,5,128.30,0.00
ITEM00001718,ORD0283337,PROD00041,2,333.41,10.00
ITEM00001719,ORD0488491,PROD00836,5,1101.96,5.00
ITEM00001720,ORD0428667,PROD00888,5,1522.67,5.00
ITEM00001721,ORD0058252,PROD00473,3,1198.46,20.00
ITEM00001722,ORD0440888,PROD00587,4,1513.68,15.00
ITEM00001723,ORD0136197,PROD00418,1,1587.03,20.00
ITEM00001724,ORD0423473,PROD00589,5,65.13,0.00
ITEM00001725,ORD0188604,PROD00545,2,335.43,20.00
ITEM00001726,ORD0412265,PROD00085,5,292.55,10.00
ITEM00001727,ORD0216542,PROD00958,1,1155.57,5.00
ITEM00001728,ORD0062316,PROD00388,5,659.10,10.00
ITEM00001729,ORD0216319,PROD00789,2,279.61,15.00
ITEM00001730,ORD0314966,PROD00703,5,99.49,20.00
ITEM00001731,ORD0006861,PROD00497,2,1968.19,15.00
ITEM00001732,ORD0375112,PROD00989,5,469.18,10.00
ITEM00001733,ORD0229194,PROD00639,3,1577.12,20.00
ITEM00001734,ORD0391581,PROD00013,2,1707.27,5.00
ITEM00001735,ORD0203764,PROD00899,3,1226.79,5.00
ITEM00001736,ORD0247117,PROD00269,1,134.72,10.00
ITEM00001737,ORD0138895,PROD00190,5,1987.18,20.00
ITEM00001738,ORD0215049,PROD00321,3,64.35,5.00
ITEM00001739,ORD0435255,PROD00619,4,1207.91,0.00
ITEM00001740,ORD0354905,PROD00104,4,807.40,0.00
ITEM00001741,ORD0075279,PROD00760,4,1653.90,20.00
ITEM00001742,ORD0371810,PROD00600,5,773.00,15.00
ITEM00001743,ORD0385643,PROD00145,1,1836.70,20.00
ITEM00001744,ORD0431299,PROD00308,5,476.63,15.00
ITEM00001745,ORD0031436,PROD00067,1,1603.28,10.00
ITEM00001746,ORD0437274,PROD00675,4,1241.55,5.00
ITEM00001747,ORD0069900,PROD00263,3,1145.37,10.00
ITEM00001748,ORD0469150,PROD00353,5,1614.49,20.00
ITEM00001749,ORD0127860,PROD00628,2,458.07,5.00
ITEM00001750,ORD0005355,PROD00006,4,1124.95,10.00
ITEM00001751,ORD0003115,PROD00538,4,1716.20,10.00
ITEM00001752,ORD0298533,PROD00391,5,868.89,20.00
ITEM00001753,ORD0372059,PROD00141,3,667.61,0.00
ITEM00001754,ORD0312658,PROD00993,5,232.32,15.00
ITEM00001755,ORD0146714,PROD00037,4,564.24,10.00
ITEM00001756,ORD0200299,PROD00963,1,403.04,15.00
ITEM00001757,ORD0389346,PROD00483,4,1730.70,20.00
ITEM00001758,ORD0016714,PROD00813,2,802.77,15.00
ITEM00001759,ORD0406689,PROD00127,2,967.39,20.00
ITEM00001760,ORD0172176,PROD00339,3,700.06,0.00
ITEM00001761,ORD0251936,PROD00209,2,430.04,0.00
ITEM00001762,ORD0041914,PROD00392,2,1278.80,15.00
ITEM00001763,ORD0251088,PROD00985,5,1023.56,0.00
ITEM00001764,ORD0039542,PROD00855,2,1411.84,20.00
ITEM00001765,ORD0000779,PROD00428,5,1041.24,5.00
ITEM00001766,ORD0264613,PROD00523,4,1978.58,0.00
ITEM00001767,ORD0007723,PROD00465,5,978.11,5.00
ITEM00001768,ORD0410550,PROD00449,2,1088.56,5.00
ITEM00001769,ORD0196024,PROD00782,1,665.63,10.00
ITEM00001770,ORD0394260,PROD00185,5,1543.43,15.00
ITEM00001771,ORD0354404,PROD00461,1,1817.31,20.00
ITEM00001772,ORD0036043,PROD00891,2,920.63,0.00
ITEM00001773,ORD0290705,PROD00610,4,1050.29,10.00
ITEM00001774,ORD0248912,PROD00856,3,1592.21,20.00
ITEM00001775,ORD0307069,PROD00302,4,846.41,15.00
ITEM00001776,ORD0048372,PROD00774,5,148.76,0.00
ITEM00001777,ORD0273032,PROD00070,4,773.24,15.00
ITEM00001778,ORD0288657,PROD00705,3,1060.19,0.00
ITEM00001779,ORD0432282,PROD00042,5,949.68,10.00
ITEM00001780,ORD0329039,PROD00699,4,537.68,10.00
ITEM00001781,ORD0209476,PROD00308,1,130.61,5.00
ITEM00001782,ORD0476560,PROD00211,2,1739.64,0.00
ITEM00001783,ORD0455787,PROD00200,5,961.03,5.00
ITEM00001784,ORD0455009,PROD00465,4,1482.27,20.00
ITEM00001785,ORD0180497,PROD00574,2,1496.17,5.00
ITEM00001786,ORD0343646,PROD00287,5,1919.82,10.00
ITEM00001787,ORD0445147,PROD00218,1,240.60,15.00
ITEM00001788,ORD0081423,PROD00524,5,570.31,15.00
ITEM00001789,ORD0281186,PROD00008,5,924.54,10.00
ITEM00001790,ORD0203906,PROD00363,4,1554.31,5.00
ITEM00001791,ORD0447740,PROD00476,2,1006.60,15.00
ITEM00001792,ORD0015295,PROD00643,4,1753.66,5.00
ITEM00001793,ORD0408105,PROD00129,2,266.92,5.00
ITEM00001794,ORD0063293,PROD00062,4,1770.15,10.00
ITEM00001795,ORD0449843,PROD00578,3,1821.22,0.00
ITEM00001796,ORD0149163,PROD00291,1,240.95,10.00
ITEM00001797,ORD0118947,PROD00738,4,589.62,10.00
ITEM00001798,ORD0373420,PROD00033,4,1740.26,20.00
ITEM00001799,ORD0048500,PROD00750,5,1254.11,5.00
ITEM00001800,ORD0049888,PROD00068,3,942.66,20.00
ITEM00001801,ORD0489467,PROD00159,4,368.31,5.00
ITEM00001802,ORD0360618,PROD00093,1,908.67,15.00
ITEM00001803,ORD0423802,PROD00297,1,1401.84,10.00
ITEM00001804,ORD0100819,PROD00409,3,908.05,0.00
ITEM00001805,ORD0463672,PROD00570,5,499.40,5.00
ITEM00001806,ORD0195143,PROD00797,4,1075.01,0.00
ITEM00001807,ORD0282875,PROD00349,1,1946.15,10.00
ITEM00001808,ORD0374933,PROD00320,5,1593.94,15.00
ITEM00001809,ORD0180440,PROD00594,4,1971.39,0.00
ITEM00001810,ORD0230614,PROD00541,3,587.28,10.00
ITEM00001811,ORD0385359,PROD00223,4,1070.81,0.00
ITEM00001812,ORD0242262,PROD00023,1,553.12,10.00
ITEM00001813,ORD0381703,PROD00384,3,974.89,15.00
ITEM00001814,ORD0308624,PROD00526,3,1471.63,15.00
ITEM00001815,ORD0049458,PROD00454,2,555.58,15.00
ITEM00001816,ORD0265777,PROD00543,4,70.42,15.00
ITEM00001817,ORD0442556,PROD00375,1,312.19,10.00
ITEM00001818,ORD0189757,PROD00574,4,1209.34,20.00
ITEM00001819,ORD0179523,PROD00615,4,1298.29,0.00
ITEM00001820,ORD0314393,PROD00171,1,1114.76,20.00
ITEM00001821,ORD0400438,PROD00888,2,777.80,10.00
ITEM00001822,ORD0387662,PROD00383,4,1676.32,15.00
ITEM00001823,ORD0065166,PROD00130,2,1253.89,20.00
ITEM00001824,ORD0448661,PROD00241,4,613.53,5.00
ITEM00001825,ORD0274518,PROD00790,5,782.96,20.00
ITEM00001826,ORD0450801,PROD00929,1,719.86,20.00
ITEM00001827,ORD0360445,PROD00395,3,407.39,15.00
ITEM00001828,ORD0212722,PROD00651,2,1866.13,10.00
ITEM00001829,ORD0172551,PROD00944,3,1888.02,0.00
ITEM00001830,ORD0127094,PROD00305,5,1256.87,15.00
ITEM00001831,ORD0284893,PROD00718,2,59.43,5.00
ITEM00001832,ORD0397790,PROD00416,2,1910.55,20.00
ITEM00001833,ORD0336367,PROD00334,1,1972.57,15.00
ITEM00001834,ORD0069155,PROD00155,3,1190.19,0.00
ITEM00001835,ORD0455011,PROD00652,1,143.76,20.00
ITEM00001836,ORD0131446,PROD00190,1,275.07,20.00
ITEM00001837,ORD0427450,PROD00363,3,289.10,5.00
ITEM00001838,ORD0347150,PROD00457,3,1461.36,5.00
ITEM00001839,ORD0331895,PROD00254,2,561.27,5.00
ITEM00001840,ORD0059124,PROD00476,5,822.90,15.00
ITEM00001841,ORD0243456,PROD00379,5,1519.97,15.00
ITEM00001842,ORD0261548,PROD00798,2,244.79,10.00
ITEM00001843,ORD0315643,PROD00296,1,1250.39,5.00
ITEM00001844,ORD0448046,PROD00327,1,1627.61,15.00
ITEM00001845,ORD0388326,PROD00088,2,955.96,15.00
ITEM00001846,ORD0303219,PROD00721,3,314.97,10.00
ITEM00001847,ORD0311537,PROD00617,5,851.58,5.00
ITEM00001848,ORD0272542,PROD00502,2,924.69,10.00
ITEM00001849,ORD0020990,PROD00179,1,330.37,0.00
ITEM00001850,ORD0469482,PROD00893,4,1136.82,10.00
ITEM00001851,ORD0136769,PROD00713,1,202.13,15.00
ITEM00001852,ORD0037468,PROD00224,1,157.64,20.00
ITEM00001853,ORD0499157,PROD00398,1,1953.50,0.00
ITEM00001854,ORD0144860,PROD00104,5,610.47,10.00
ITEM00001855,ORD0208895,PROD00864,3,1570.43,20.00
ITEM00001856,ORD0237837,PROD00841,3,640.72,20.00
ITEM00001857,ORD0332834,PROD00456,2,1361.34,15.00
ITEM00001858,ORD0248286,PROD00565,3,870.47,0.00
ITEM00001859,ORD0094478,PROD00489,1,1147.68,0.00
ITEM00001860,ORD0083760,PROD00108,3,1623.40,10.00
ITEM00001861,ORD0096488,PROD00435,4,1013.79,0.00
ITEM00001862,ORD0469941,PROD00523,3,1255.35,20.00
ITEM00001863,ORD0285182,PROD00318,1,768.42,0.00
ITEM00001864,ORD0420509,PROD00477,4,1629.44,10.00
ITEM00001865,ORD0154026,PROD00440,5,1938.32,0.00
ITEM00001866,ORD0405328,PROD00488,4,252.40,20.00
ITEM00001867,ORD0295785,PROD00656,5,1438.48,0.00
ITEM00001868,ORD0131079,PROD00713,3,1795.00,0.00
ITEM00001869,ORD0396605,PROD00989,2,1208.13,15.00
ITEM00001870,ORD0019574,PROD00166,5,1727.22,15.00
ITEM00001871,ORD0204902,PROD00915,4,248.53,20.00
ITEM00001872,ORD0055198,PROD00011,2,1068.62,20.00
ITEM00001873,ORD0358316,PROD00336,5,1425.52,10.00
ITEM00001874,ORD0133469,PROD00448,2,1419.76,5.00
ITEM00001875,ORD0126326,PROD00677,1,699.68,5.00
ITEM00001876,ORD0251906,PROD00745,5,1255.92,10.00
ITEM00001877,ORD0332230,PROD00723,1,106.55,5.00
ITEM00001878,ORD0455781,PROD00527,5,1401.35,5.00
ITEM00001879,ORD0070344,PROD00545,2,377.62,5.00
ITEM00001880,ORD0051964,PROD00277,4,619.38,20.00
ITEM00001881,ORD0235458,PROD00328,1,761.37,0.00
ITEM00001882,ORD0119970,PROD00534,2,1633.48,5.00
ITEM00001883,ORD0371508,PROD00455,4,1113.93,20.00
ITEM00001884,ORD0280247,PROD00133,2,168.27,10.00
ITEM00001885,ORD0347657,PROD00094,4,463.71,20.00
ITEM00001886,ORD0280166,PROD00427,3,778.59,5.00
ITEM00001887,ORD0309311,PROD00985,3,568.24,5.00
ITEM00001888,ORD0102717,PROD00090,3,1095.79,10.00
ITEM00001889,ORD0327949,PROD00608,3,968.96,0.00
ITEM00001890,ORD0487039,PROD00373,3,667.55,0.00
ITEM00001891,ORD0468683,PROD00804,3,454.24,5.00
ITEM00001892,ORD0339078,PROD00951,5,747.60,20.00
ITEM00001893,ORD0028226,PROD00343,5,1197.03,20.00
ITEM00001894,ORD0015995,PROD00613,3,600.89,5.00
ITEM00001895,ORD0479039,PROD00723,4,1893.05,20.00
ITEM00001896,ORD0131964,PROD00430,1,340.28,10.00
ITEM00001897,ORD0332944,PROD00673,3,1505.44,0.00
ITEM00001898,ORD0101396,PROD00818,1,211.37,0.00
ITEM00001899,ORD0054138,PROD00526,5,1243.23,20.00
ITEM00001900,ORD0314976,PROD00867,5,1551.81,10.00
ITEM00001901,ORD0412920,PROD00865,5,1943.44,0.00
ITEM00001902,ORD0302154,PROD00338,5,1216.12,10.00
ITEM00001903,ORD0281593,PROD00088,1,514.47,5.00
ITEM00001904,ORD0176516,PROD00189,1,767.55,10.00
ITEM00001905,ORD0236682,PROD00483,1,853.50,5.00
ITEM00001906,ORD0486375,PROD00347,4,1729.22,0.00
ITEM00001907,ORD0160390,PROD00217,3,1430.26,5.00
ITEM00001908,ORD0103299,PROD00025,5,631.57,0.00
ITEM00001909,ORD0017502,PROD00498,2,1657.43,0.00
ITEM00001910,ORD0441103,PROD00566,4,572.64,5.00
ITEM00001911,ORD0054689,PROD00573,1,1638.12,0.00
ITEM00001912,ORD0105644,PROD00404,3,940.17,10.00
ITEM00001913,ORD0407564,PROD00785,4,1221.91,20.00
ITEM00001914,ORD0441287,PROD00635,4,1648.52,5.00
ITEM00001915,ORD0133941,PROD00043,3,277.97,10.00
ITEM00001916,ORD0479363,PROD00741,2,1860.80,10.00
ITEM00001917,ORD0208831,PROD00626,4,1255.47,5.00
ITEM00001918,ORD0234783,PROD00633,4,117.80,20.00
ITEM00001919,ORD0058443,PROD00235,4,1567.83,0.00
ITEM00001920,ORD0357843,PROD00273,2,472.10,10.00
ITEM00001921,ORD0449522,PROD00834,2,1859.34,15.00
ITEM00001922,ORD0366473,PROD00252,1,678.10,0.00
ITEM00001923,ORD0127525,PROD00897,5,834.92,10.00
ITEM00001924,ORD0239859,PROD00492,4,704.95,5.00
ITEM00001925,ORD0471192,PROD00538,5,1341.83,5.00
ITEM00001926,ORD0093948,PROD00794,3,1490.91,0.00
ITEM00001927,ORD0296526,PROD00296,4,595.55,20.00
ITEM00001928,ORD0214982,PROD00664,4,1254.66,0.00
ITEM00001929,ORD0044056,PROD00903,4,1020.69,20.00
ITEM00001930,ORD0218193,PROD00827,1,798.30,0.00
ITEM00001931,ORD0272420,PROD00786,2,1396.86,5.00
ITEM00001932,ORD0086498,PROD00803,4,612.14,20.00
ITEM00001933,ORD0443824,PROD00058,5,1802.23,20.00
ITEM00001934,ORD0075713,PROD00296,2,157.63,20.00
ITEM00001935,ORD0015517,PROD00393,3,1880.31,15.00
ITEM00001936,ORD0482479,PROD00763,5,1119.30,15.00
ITEM00001937,ORD0423493,PROD00038,5,1503.76,0.00
ITEM00001938,ORD0463577,PROD00432,1,967.98,0.00
ITEM00001939,ORD0158270,PROD00345,4,1239.82,20.00
ITEM00001940,ORD0049570,PROD00195,1,1116.18,10.00
ITEM00001941,ORD0377675,PROD00256,2,868.54,5.00
ITEM00001942,ORD0404931,PROD00240,1,371.23,15.00
ITEM00001943,ORD0258201,PROD00702,2,1290.68,0.00
ITEM00001944,ORD0242886,PROD00322,2,1217.22,10.00
ITEM00001945,ORD0092626,PROD00050,5,1335.57,20.00
ITEM00001946,ORD0230975,PROD00536,3,1288.05,15.00
ITEM00001947,ORD0228857,PROD00701,1,1848.17,5.00
ITEM00001948,ORD0212046,PROD00941,2,1323.52,15.00
ITEM00001949,ORD0492486,PROD00734,4,1471.20,0.00
ITEM00001950,ORD0484322,PROD00801,2,1093.37,5.00
ITEM00001951,ORD0273059,PROD00117,4,1157.93,5.00
ITEM00001952,ORD0298466,PROD00341,3,83.04,20.00
ITEM00001953,ORD0344644,PROD00128,1,169.87,10.00
ITEM00001954,ORD0489861,PROD00201,1,1110.63,10.00
ITEM00001955,ORD0121701,PROD00978,5,265.26,10.00
ITEM00001956,ORD0159730,PROD00223,2,1136.01,5.00
ITEM00001957,ORD0123596,PROD00736,3,753.27,15.00
ITEM00001958,ORD0461395,PROD00521,5,460.21,15.00
ITEM00001959,ORD0296743,PROD00529,5,1936.23,10.00
ITEM00001960,ORD0121657,PROD00075,3,1159.51,15.00
ITEM00001961,ORD0336975,PROD00011,5,1431.73,20.00
ITEM00001962,ORD0280193,PROD00684,5,645.85,10.00
ITEM00001963,ORD0335679,PROD00279,2,1884.00,10.00
ITEM00001964,ORD0195211,PROD00690,5,1210.92,10.00
ITEM00001965,ORD0339350,PROD00155,4,194.21,10.00
ITEM00001966,ORD0424064,PROD00144,2,1715.72,0.00
ITEM00001967,ORD0160261,PROD00590,4,908.68,15.00
ITEM00001968,ORD0199298,PROD00277,4,1261.57,5.00
ITEM00001969,ORD0178640,PROD00421,1,491.67,20.00
ITEM00001970,ORD0000109,PROD00430,4,269.72,15.00
ITEM00001971,ORD0337125,PROD00060,5,1619.85,0.00
ITEM00001972,ORD0404837,PROD00157,2,1493.98,0.00
ITEM00001973,ORD0373695,PROD00317,1,1056.67,5.00
ITEM00001974,ORD0436888,PROD00219,1,940.27,20.00
ITEM00001975,ORD0045150,PROD00920,1,1954.92,0.00
ITEM00001976,ORD0203856,PROD00033,4,769.56,5.00
ITEM00001977,ORD0311436,PROD00241,3,669.11,15.00
ITEM00001978,ORD0124068,PROD00715,5,1857.22,15.00
ITEM00001979,ORD0280404,PROD00280,1,1069.66,20.00
ITEM00001980,ORD0309761,PROD00538,1,1775.47,5.00
ITEM00001981,ORD0490555,PROD00006,3,1166.51,5.00
ITEM00001982,ORD0385657,PROD00848,1,1192.66,10.00
ITEM00001983,ORD0471999,PROD00512,4,1353.95,20.00
ITEM00001984,ORD0427996,PROD00823,5,1988.29,10.00
ITEM00001985,ORD0337330,PROD00442,3,967.32,20.00
ITEM00001986,ORD0207356,PROD00081,1,1680.49,20.00
ITEM00001987,ORD0035712,PROD00825,4,1870.35,10.00
ITEM00001988,ORD0484304,PROD00382,2,1540.87,20.00
ITEM00001989,ORD0358614,PROD00578,5,1169.31,15.00
ITEM00001990,ORD0362400,PROD00249,2,547.01,0.00
ITEM00001991,ORD0350378,PROD00218,5,225.32,0.00
ITEM00001992,ORD0280670,PROD00655,2,1127.77,0.00
ITEM00001993,ORD0100364,PROD00089,4,1983.48,20.00
ITEM00001994,ORD0002853,PROD00299,3,581.51,5.00
ITEM00001995,ORD0223277,PROD00908,5,731.27,5.00
ITEM00001996,ORD0051252,PROD00407,2,499.47,20.00
ITEM00001997,ORD0044540,PROD00180,2,1532.60,10.00
ITEM00001998,ORD0214715,PROD00930,2,582.18,10.00
ITEM00001999,ORD0136134,PROD00237,5,330.07,0.00
ITEM00002000,ORD0224348,PROD00551,3,1616.91,5.00
ITEM00002001,ORD0062338,PROD00650,3,1124.32,15.00
ITEM00002002,ORD0365642,PROD00590,3,1943.47,15.00
ITEM00002003,ORD0484094,PROD00340,4,1378.09,0.00
ITEM00002004,ORD0056685,PROD00223,3,1815.24,20.00
ITEM00002005,ORD0481910,PROD00461,1,1777.97,10.00
ITEM00002006,ORD0193325,PROD00079,5,1446.25,10.00
ITEM00002007,ORD0415198,PROD00392,3,1235.51,15.00
ITEM00002008,ORD0448288,PROD00727,1,1700.42,10.00
ITEM00002009,ORD0099280,PROD00590,5,892.78,10.00
ITEM00002010,ORD0217875,PROD00586,2,733.50,15.00
ITEM00002011,ORD0113961,PROD00005,1,1212.79,15.00
ITEM00002012,ORD0434981,PROD00739,5,1719.01,20.00
ITEM00002013,ORD0402810,PROD00594,2,594.83,10.00
ITEM00002014,ORD0237580,PROD00157,1,419.59,15.00
ITEM00002015,ORD0302670,PROD00918,5,1314.98,10.00
ITEM00002016,ORD0498047,PROD00260,1,656.49,15.00
ITEM00002017,ORD0490021,PROD00361,2,997.50,5.00
ITEM00002018,ORD0027789,PROD00925,3,1616.37,20.00
ITEM00002019,ORD0092224,PROD00751,5,308.97,20.00
ITEM00002020,ORD0216916,PROD00960,4,659.87,15.00
ITEM00002021,ORD0466898,PROD00041,5,1508.54,15.00
ITEM00002022,ORD0089554,PROD00732,5,1921.83,0.00
ITEM00002023,ORD0326047,PROD00209,3,1155.79,20.00
ITEM00002024,ORD0412937,PROD00592,2,445.99,15.00
ITEM00002025,ORD0222030,PROD00318,1,890.09,10.00
ITEM00002026,ORD0457016,PROD00716,2,1647.66,0.00
ITEM00002027,ORD0382021,PROD00769,4,358.14,10.00
ITEM00002028,ORD0178963,PROD00310,4,1407.28,20.00
ITEM00002029,ORD0375136,PROD00560,1,1288.48,10.00
ITEM00002030,ORD0184615,PROD00582,1,1347.23,15.00
ITEM00002031,ORD0254307,PROD00600,4,1024.77,15.00
ITEM00002032,ORD0418114,PROD00472,1,1283.42,15.00
ITEM00002033,ORD0191437,PROD00985,4,580.55,10.00
ITEM00002034,ORD0224979,PROD00358,5,772.72,10.00
ITEM00002035,ORD0116788,PROD00415,3,1196.62,5.00
ITEM00002036,ORD0036081,PROD00771,5,1551.41,20.00
ITEM00002037,ORD0187872,PROD00457,3,75.02,10.00
ITEM00002038,ORD0150129,PROD00954,5,1912.37,5.00
ITEM00002039,ORD0046477,PROD00813,3,873.05,0.00
ITEM00002040,ORD0361725,PROD00656,2,1596.07,0.00
ITEM00002041,ORD0221811,PROD00585,4,156.43,15.00
ITEM00002042,ORD0341411,PROD00842,2,1177.44,20.00
ITEM00002043,ORD0173066,PROD00400,3,760.42,0.00
ITEM00002044,ORD0205579,PROD00103,4,1975.94,5.00
ITEM00002045,ORD0219626,PROD00562,5,544.68,15.00
ITEM00002046,ORD0247401,PROD00084,3,241.00,15.00
ITEM00002047,ORD0351410,PROD00628,4,1743.34,0.00
ITEM00002048,ORD0151298,PROD00530,5,169.60,10.00
ITEM00002049,ORD0099234,PROD00238,1,1571.41,10.00
ITEM00002050,ORD0086873,PROD00702,1,253.36,5.00
ITEM00002051,ORD0256076,PROD00955,5,738.23,10.00
ITEM00002052,ORD0273169,PROD00791,3,1185.32,0.00
ITEM00002053,ORD0220255,PROD00060,1,1861.27,10.00
ITEM00002054,ORD0345391,PROD00662,1,1958.72,5.00
ITEM00002055,ORD0072862,PROD00927,2,1887.58,10.00
ITEM00002056,ORD0094429,PROD00337,2,933.03,10.00
ITEM00002057,ORD0343959,PROD00813,2,1733.34,10.00
ITEM00002058,ORD0316258,PROD00064,5,1154.60,10.00
ITEM00002059,ORD0175036,PROD00426,2,752.43,0.00
ITEM00002060,ORD0328234,PROD00583,5,1182.40,15.00
ITEM00002061,ORD0194980,PROD00553,3,1661.42,15.00
ITEM00002062,ORD0114143,PROD00912,3,1241.22,20.00
ITEM00002063,ORD0221485,PROD00219,1,1049.46,0.00
ITEM00002064,ORD0356758,PROD00734,5,1258.55,0.00
ITEM00002065,ORD0490607,PROD00574,3,909.71,0.00
ITEM00002066,ORD0393707,PROD00130,3,67.65,5.00
ITEM00002067,ORD0097442,PROD00335,5,409.35,5.00
ITEM00002068,ORD0430298,PROD00153,5,1319.39,15.00
ITEM00002069,ORD0472198,PROD00904,5,1484.39,10.00
ITEM00002070,ORD0463434,PROD00251,4,1132.11,20.00
ITEM00002071,ORD0392626,PROD00790,3,975.61,5.00
ITEM00002072,ORD0017090,PROD00518,3,1035.42,15.00
ITEM00002073,ORD0063796,PROD00635,5,1419.87,20.00
ITEM00002074,ORD0296241,PROD00096,4,107.24,0.00
ITEM00002075,ORD0223720,PROD00150,4,1039.65,0.00
ITEM00002076,ORD0351388,PROD00852,3,445.20,0.00
ITEM00002077,ORD0041250,PROD00530,1,352.63,5.00
ITEM00002078,ORD0311580,PROD00687,1,914.89,20.00
ITEM00002079,ORD0418251,PROD00901,2,1470.58,5.00
ITEM00002080,ORD0435023,PROD00680,3,1121.12,20.00
ITEM00002081,ORD0280518,PROD00480,2,261.86,10.00
ITEM00002082,ORD0215637,PROD00168,1,1767.02,20.00
ITEM00002083,ORD0293378,PROD00351,4,824.89,15.00
ITEM00002084,ORD0193731,PROD00522,4,939.06,5.00
ITEM00002085,ORD0496257,PROD00060,1,1611.34,15.00
ITEM00002086,ORD0101330,PROD00411,1,1118.66,5.00
ITEM00002087,ORD0463443,PROD00327,4,544.94,0.00
ITEM00002088,ORD0252844,PROD00232,3,492.73,5.00
ITEM00002089,ORD0333831,PROD00123,2,853.65,5.00
ITEM00002090,ORD0016568,PROD00589,5,469.14,5.00
ITEM00002091,ORD0350863,PROD00354,2,550.63,5.00
ITEM00002092,ORD0497053,PROD00806,4,1793.88,5.00
ITEM00002093,ORD0258103,PROD00483,4,249.52,15.00
ITEM00002094,ORD0075079,PROD00480,3,204.30,20.00
ITEM00002095,ORD0219762,PROD00684,2,972.05,20.00
ITEM00002096,ORD0243384,PROD00601,1,650.17,15.00
ITEM00002097,ORD0220729,PROD00169,5,1177.89,20.00
ITEM00002098,ORD0001162,PROD00412,4,820.03,5.00
ITEM00002099,ORD0162289,PROD00111,5,635.04,20.00
ITEM00002100,ORD0445978,PROD00297,1,290.51,10.00
ITEM00002101,ORD0369219,PROD00470,2,1876.71,15.00
ITEM00002102,ORD0025445,PROD00283,4,1045.26,5.00
ITEM00002103,ORD0473020,PROD00914,1,558.50,20.00
ITEM00002104,ORD0091683,PROD00058,3,731.52,10.00
ITEM00002105,ORD0305705,PROD00213,5,1370.58,0.00
ITEM00002106,ORD0286722,PROD00973,2,1452.56,15.00
ITEM00002107,ORD0150162,PROD00818,2,1557.89,0.00
ITEM00002108,ORD0391126,PROD00356,5,564.50,5.00
ITEM00002109,ORD0336565,PROD00859,4,641.20,10.00
ITEM00002110,ORD0053445,PROD00614,3,929.60,15.00
ITEM00002111,ORD0091531,PROD00338,5,1237.08,10.00
ITEM00002112,ORD0088699,PROD00888,4,1492.72,5.00
ITEM00002113,ORD0230282,PROD00579,4,1671.42,0.00
ITEM00002114,ORD0209307,PROD00513,2,73.68,10.00
ITEM00002115,ORD0269038,PROD00476,3,804.13,15.00
ITEM00002116,ORD0197390,PROD00308,4,1877.28,5.00
ITEM00002117,ORD0480112,PROD00329,2,1373.76,0.00
ITEM00002118,ORD0256025,PROD00273,1,162.81,10.00
ITEM00002119,ORD0351867,PROD00802,4,1337.61,10.00
ITEM00002120,ORD0295100,PROD00278,4,1604.20,0.00
ITEM00002121,ORD0378925,PROD00291,5,1929.90,0.00
ITEM00002122,ORD0183117,PROD00007,2,1171.40,5.00
ITEM00002123,ORD0435401,PROD00827,5,871.24,15.00
ITEM00002124,ORD0371965,PROD00389,4,694.89,15.00
ITEM00002125,ORD0311110,PROD00422,1,92.13,20.00
ITEM00002126,ORD0279334,PROD00109,4,101.45,5.00
ITEM00002127,ORD0072262,PROD00854,3,713.01,10.00
ITEM00002128,ORD0112956,PROD00677,4,1716.22,5.00
ITEM00002129,ORD0159746,PROD00211,1,654.03,20.00
ITEM00002130,ORD0203622,PROD00133,1,1250.53,0.00
ITEM00002131,ORD0064232,PROD00358,3,468.40,10.00
ITEM00002132,ORD0231103,PROD00948,3,1796.41,15.00
ITEM00002133,ORD0285299,PROD00025,4,784.44,10.00
ITEM00002134,ORD0430037,PROD00743,4,861.11,15.00
ITEM00002135,ORD0408600,PROD00748,4,1790.26,5.00
ITEM00002136,ORD0046470,PROD00903,5,576.82,10.00
ITEM00002137,ORD0258911,PROD00336,2,691.35,15.00
ITEM00002138,ORD0422518,PROD00603,1,689.17,20.00
ITEM00002139,ORD0036929,PROD00942,3,183.70,20.00
ITEM00002140,ORD0087731,PROD00915,1,674.87,15.00
ITEM00002141,ORD0404876,PROD00738,2,1447.38,15.00
ITEM00002142,ORD0291798,PROD00757,3,1326.10,10.00
ITEM00002143,ORD0407144,PROD00969,3,830.69,5.00
ITEM00002144,ORD0350772,PROD00509,5,474.48,0.00
ITEM00002145,ORD0253459,PROD00804,2,1079.61,15.00
ITEM00002146,ORD0405185,PROD00909,4,231.68,10.00
ITEM00002147,ORD0011134,PROD00655,4,650.12,5.00
ITEM00002148,ORD0477829,PROD00064,2,1981.52,5.00
ITEM00002149,ORD0371305,PROD00273,4,68.36,5.00
ITEM00002150,ORD0304494,PROD00249,1,260.07,0.00
ITEM00002151,ORD0317498,PROD00562,2,1574.77,5.00
ITEM00002152,ORD0315337,PROD00805,1,801.13,15.00
ITEM00002153,ORD0036558,PROD00671,2,1519.09,10.00
ITEM00002154,ORD0154897,PROD00351,4,1078.60,15.00
ITEM00002155,ORD0373831,PROD00025,4,1952.53,0.00
ITEM00002156,ORD0401346,PROD00601,1,861.83,10.00
ITEM00002157,ORD0289144,PROD00140,1,293.27,0.00
ITEM00002158,ORD0318711,PROD00468,5,1789.41,10.00
ITEM00002159,ORD0214529,PROD00062,2,1245.94,10.00
ITEM00002160,ORD0496676,PROD00843,4,555.70,15.00
ITEM00002161,ORD0196088,PROD00294,2,947.70,15.00
ITEM00002162,ORD0351472,PROD00886,4,1511.87,15.00
ITEM00002163,ORD0467445,PROD00287,4,121.16,0.00
ITEM00002164,ORD0333562,PROD00042,2,417.89,5.00
ITEM00002165,ORD0237645,PROD00018,4,896.57,10.00
ITEM00002166,ORD0499915,PROD00474,1,653.53,15.00
ITEM00002167,ORD0258885,PROD00591,2,407.78,0.00
ITEM00002168,ORD0404472,PROD00205,3,1079.83,0.00
ITEM00002169,ORD0463182,PROD00710,3,1792.47,0.00
ITEM00002170,ORD0393885,PROD00076,2,1843.77,20.00
ITEM00002171,ORD0066461,PROD00721,4,1793.05,0.00
ITEM00002172,ORD0445634,PROD00357,1,295.45,5.00
ITEM00002173,ORD0072036,PROD00570,3,166.35,20.00
ITEM00002174,ORD0377703,PROD00006,3,1275.23,0.00
ITEM00002175,ORD0099774,PROD00308,3,365.17,0.00
ITEM00002176,ORD0203815,PROD00927,3,967.84,10.00
ITEM00002177,ORD0087442,PROD00049,1,135.76,0.00
ITEM00002178,ORD0020846,PROD00594,3,202.48,5.00
ITEM00002179,ORD0441395,PROD00358,1,563.10,20.00
ITEM00002180,ORD0270525,PROD00952,1,391.42,5.00
ITEM00002181,ORD0462855,PROD00289,2,1560.54,10.00
ITEM00002182,ORD0450368,PROD00514,5,1354.39,20.00
ITEM00002183,ORD0183215,PROD00945,5,1105.28,20.00
ITEM00002184,ORD0409130,PROD00990,4,986.25,15.00
ITEM00002185,ORD0003203,PROD00974,3,1656.62,0.00
ITEM00002186,ORD0052405,PROD00357,5,504.28,0.00
ITEM00002187,ORD0328359,PROD00668,1,334.23,5.00
ITEM00002188,ORD0091198,PROD00285,3,950.49,10.00
ITEM00002189,ORD0272248,PROD00227,4,1376.14,20.00
ITEM00002190,ORD0139810,PROD00300,2,1223.02,10.00
ITEM00002191,ORD0127278,PROD00366,5,1397.72,15.00
ITEM00002192,ORD0348052,PROD00397,1,1412.58,15.00
ITEM00002193,ORD0252387,PROD00517,4,1664.07,10.00
ITEM00002194,ORD0235337,PROD00003,5,1311.29,15.00
ITEM00002195,ORD0324028,PROD00822,5,1180.62,5.00
ITEM00002196,ORD0135638,PROD00453,3,1001.34,10.00
ITEM00002197,ORD0348336,PROD00931,2,559.21,20.00
ITEM00002198,ORD0265595,PROD00804,4,436.14,0.00
ITEM00002199,ORD0258002,PROD00551,4,281.17,10.00
ITEM00002200,ORD0239621,PROD00680,5,1842.90,20.00
ITEM00002201,ORD0353329,PROD00844,5,1930.27,5.00
ITEM00002202,ORD0091508,PROD00079,1,937.16,15.00
ITEM00002203,ORD0168439,PROD00214,4,243.76,0.00
ITEM00002204,ORD0346040,PROD00382,2,1416.72,10.00
ITEM00002205,ORD0363617,PROD00560,1,1740.95,0.00
ITEM00002206,ORD0286146,PROD00304,1,1404.32,20.00
ITEM00002207,ORD0479622,PROD00010,1,916.19,0.00
ITEM00002208,ORD0404098,PROD00319,1,335.48,5.00
ITEM00002209,ORD0328217,PROD00355,3,762.90,5.00
ITEM00002210,ORD0063141,PROD00159,2,1090.78,15.00
ITEM00002211,ORD0304562,PROD00640,1,1158.98,15.00
ITEM00002212,ORD0460490,PROD00046,1,1647.49,0.00
ITEM00002213,ORD0116019,PROD00969,3,938.62,5.00
ITEM00002214,ORD0031613,PROD00876,4,1019.65,20.00
ITEM00002215,ORD0007871,PROD00714,1,362.95,10.00
ITEM00002216,ORD0353340,PROD00096,3,1230.36,5.00
ITEM00002217,ORD0043824,PROD00687,1,640.94,5.00
ITEM00002218,ORD0136479,PROD00824,3,222.84,5.00
ITEM00002219,ORD0275753,PROD00740,1,812.89,5.00
ITEM00002220,ORD0071961,PROD00383,4,671.25,5.00
ITEM00002221,ORD0423239,PROD00710,3,1858.77,5.00
ITEM00002222,ORD0428018,PROD00786,3,1343.99,10.00
ITEM00002223,ORD0196087,PROD00203,3,1337.61,10.00
ITEM00002224,ORD0308214,PROD00271,4,704.30,15.00
ITEM00002225,ORD0446855,PROD00263,5,1213.60,0.00
ITEM00002226,ORD0063410,PROD00152,5,1343.10,15.00
ITEM00002227,ORD0428010,PROD00131,1,1614.17,15.00
ITEM00002228,ORD0420920,PROD00442,4,996.45,5.00
ITEM00002229,ORD0324219,PROD00046,5,513.53,20.00
ITEM00002230,ORD0254884,PROD00748,2,487.66,0.00
ITEM00002231,ORD0198804,PROD00547,3,1281.16,15.00
ITEM00002232,ORD0352515,PROD00090,3,1081.16,10.00
ITEM00002233,ORD0157623,PROD00343,2,460.48,15.00
ITEM00002234,ORD0290173,PROD00423,2,1192.80,15.00
ITEM00002235,ORD0232113,PROD00852,3,1724.41,0.00
ITEM00002236,ORD0464658,PROD00124,3,1412.80,20.00
ITEM00002237,ORD0051545,PROD00064,5,1540.81,0.00
ITEM00002238,ORD0385225,PROD00994,1,1103.60,10.00
ITEM00002239,ORD0160428,PROD00668,4,1207.92,10.00
ITEM00002240,ORD0380567,PROD00263,5,450.86,5.00
ITEM00002241,ORD0068775,PROD00772,2,1723.73,20.00
ITEM00002242,ORD0475154,PROD00509,2,1380.56,10.00
ITEM00002243,ORD0493901,PROD00235,3,537.90,10.00
ITEM00002244,ORD0019671,PROD00217,5,988.49,10.00
ITEM00002245,ORD0487025,PROD00228,1,976.63,10.00
ITEM00002246,ORD0380876,PROD00648,2,635.42,15.00
ITEM00002247,ORD0078984,PROD00393,5,1570.18,20.00
ITEM00002248,ORD0337757,PROD00149,4,324.13,15.00
ITEM00002249,ORD0344016,PROD00251,5,1762.75,0.00
ITEM00002250,ORD0152224,PROD00661,1,1650.79,0.00
ITEM00002251,ORD0470199,PROD00751,2,664.00,0.00
ITEM00002252,ORD0061966,PROD00325,1,1420.31,20.00
ITEM00002253,ORD0190576,PROD00131,1,1968.38,5.00
ITEM00002254,ORD0412015,PROD00415,5,387.31,15.00
ITEM00002255,ORD0056545,PROD00175,1,1594.25,20.00
ITEM00002256,ORD0228931,PROD00251,3,280.61,15.00
ITEM00002257,ORD0041435,PROD00324,1,664.58,10.00
ITEM00002258,ORD0087729,PROD00266,5,431.80,0.00
ITEM00002259,ORD0144889,PROD00623,3,1461.62,5.00
ITEM00002260,ORD0189378,PROD00323,5,699.80,5.00
ITEM00002261,ORD0250440,PROD00402,5,928.28,10.00
ITEM00002262,ORD0460797,PROD00064,1,434.79,15.00
ITEM00002263,ORD0417132,PROD00371,5,192.43,10.00
ITEM00002264,ORD0249845,PROD00078,3,244.08,10.00
ITEM00002265,ORD0047623,PROD00678,4,1728.72,0.00
ITEM00002266,ORD0487661,PROD00704,1,937.56,15.00
ITEM00002267,ORD0420958,PROD00858,3,1035.14,5.00
ITEM00002268,ORD0470415,PROD00801,5,150.82,20.00
ITEM00002269,ORD0090614,PROD00644,2,517.06,15.00
ITEM00002270,ORD0457541,PROD00126,1,1583.63,15.00
ITEM00002271,ORD0255898,PROD00441,1,1755.31,10.00
ITEM00002272,ORD0225661,PROD00607,5,843.99,20.00
ITEM00002273,ORD0448120,PROD00819,2,1235.89,10.00
ITEM00002274,ORD0444266,PROD00433,3,407.12,5.00
ITEM00002275,ORD0313146,PROD00241,2,708.34,15.00
ITEM00002276,ORD0128092,PROD00429,1,1696.41,15.00
ITEM00002277,ORD0270850,PROD00731,2,1171.70,10.00
ITEM00002278,ORD0150369,PROD00229,1,1476.06,15.00
ITEM00002279,ORD0174175,PROD00565,4,1546.04,10.00
ITEM00002280,ORD0005213,PROD00813,3,87.64,0.00
ITEM00002281,ORD0309806,PROD00924,5,982.76,10.00
ITEM00002282,ORD0214343,PROD00796,4,1489.98,5.00
ITEM00002283,ORD0357192,PROD00971,5,859.02,10.00
ITEM00002284,ORD0497857,PROD00970,5,666.52,10.00
ITEM00002285,ORD0078366,PROD00813,1,1798.93,10.00
ITEM00002286,ORD0246801,PROD00865,3,1179.35,15.00
ITEM00002287,ORD0058008,PROD00533,5,1147.75,10.00
ITEM00002288,ORD0109741,PROD00437,1,1649.25,15.00
ITEM00002289,ORD0053533,PROD00034,1,1569.13,10.00
ITEM00002290,ORD0370933,PROD00826,5,1667.26,20.00
ITEM00002291,ORD0157511,PROD00451,3,332.77,0.00
ITEM00002292,ORD0198796,PROD00679,3,375.24,0.00
ITEM00002293,ORD0018305,PROD00720,5,855.04,20.00
ITEM00002294,ORD0317802,PROD00199,3,1514.88,15.00
ITEM00002295,ORD0136945,PROD00823,2,810.86,5.00
ITEM00002296,ORD0112241,PROD00395,3,627.48,20.00
ITEM00002297,ORD0337615,PROD00512,2,1084.40,0.00
ITEM00002298,ORD0237545,PROD00201,4,818.53,0.00
ITEM00002299,ORD0143460,PROD00630,2,486.09,0.00
ITEM00002300,ORD0179709,PROD00294,4,1317.86,15.00
ITEM00002301,ORD0336741,PROD00923,1,873.27,5.00
ITEM00002302,ORD0024231,PROD00611,3,1652.47,20.00
ITEM00002303,ORD0499076,PROD00984,4,1791.04,15.00
ITEM00002304,ORD0096844,PROD00420,1,739.61,15.00
ITEM00002305,ORD0205424,PROD00492,4,1194.85,15.00
ITEM00002306,ORD0498967,PROD00518,3,1480.77,5.00
ITEM00002307,ORD0053037,PROD00767,2,1163.97,5.00
ITEM00002308,ORD0049986,PROD00797,1,213.22,20.00
ITEM00002309,ORD0112113,PROD00457,3,1733.56,15.00
ITEM00002310,ORD0356589,PROD00002,4,881.08,5.00
ITEM00002311,ORD0083780,PROD00130,3,1090.02,5.00
ITEM00002312,ORD0200064,PROD00685,5,926.05,15.00
ITEM00002313,ORD0219453,PROD00268,3,374.76,15.00
ITEM00002314,ORD0292957,PROD00484,3,700.54,5.00
ITEM00002315,ORD0132564,PROD00223,2,400.50,15.00
ITEM00002316,ORD0248382,PROD00442,2,1516.12,10.00
ITEM00002317,ORD0384547,PROD00964,5,1088.71,0.00
ITEM00002318,ORD0138928,PROD00877,5,585.09,20.00
ITEM00002319,ORD0150614,PROD00689,3,1424.81,5.00
ITEM00002320,ORD0078466,PROD00784,5,1660.80,5.00
ITEM00002321,ORD0063516,PROD00262,3,728.42,15.00
ITEM00002322,ORD0333915,PROD00243,3,1010.04,15.00
ITEM00002323,ORD0089377,PROD00398,3,134.53,0.00
ITEM00002324,ORD0401950,PROD00155,1,1860.07,15.00
ITEM00002325,ORD0290994,PROD00391,3,390.25,15.00
ITEM00002326,ORD0447679,PROD00505,2,1723.32,10.00
ITEM00002327,ORD0312478,PROD00514,5,1968.91,5.00
ITEM00002328,ORD0486881,PROD00784,3,1431.10,5.00
ITEM00002329,ORD0292422,PROD00111,3,195.11,15.00
ITEM00002330,ORD0369411,PROD00812,4,734.45,10.00
ITEM00002331,ORD0220427,PROD00355,1,299.94,15.00
ITEM00002332,ORD0074119,PROD00417,5,840.90,0.00
ITEM00002333,ORD0397795,PROD00968,4,1170.71,5.00
ITEM00002334,ORD0426174,PROD00706,5,1744.40,20.00
ITEM00002335,ORD0013138,PROD00772,1,1416.89,20.00
ITEM00002336,ORD0467642,PROD00217,5,1569.31,5.00
ITEM00002337,ORD0329938,PROD00635,1,1341.15,5.00
ITEM00002338,ORD0090971,PROD00266,2,1413.68,10.00
ITEM00002339,ORD0199635,PROD00398,2,764.15,15.00
ITEM00002340,ORD0101036,PROD00016,4,1753.82,0.00
ITEM00002341,ORD0037103,PROD00665,5,387.28,0.00
ITEM00002342,ORD0460148,PROD00657,1,97.81,15.00
ITEM00002343,ORD0370180,PROD00776,1,1430.06,10.00
ITEM00002344,ORD0120513,PROD00557,3,966.58,0.00
ITEM00002345,ORD0385840,PROD00779,1,1216.15,5.00
ITEM00002346,ORD0374015,PROD00253,2,1106.63,15.00
ITEM00002347,ORD0164638,PROD00190,5,995.43,20.00
ITEM00002348,ORD0239502,PROD00612,3,429.21,15.00
ITEM00002349,ORD0058216,PROD00018,4,788.06,5.00
ITEM00002350,ORD0001068,PROD00461,4,1457.58,5.00
ITEM00002351,ORD0484856,PROD00908,1,1752.11,20.00
ITEM00002352,ORD0134605,PROD00075,2,1990.21,5.00
ITEM00002353,ORD0061681,PROD00318,5,1761.52,15.00
ITEM00002354,ORD0116906,PROD00430,3,607.35,15.00
ITEM00002355,ORD0439317,PROD00622,4,861.73,10.00
ITEM00002356,ORD0054602,PROD00643,5,555.11,0.00
ITEM00002357,ORD0482377,PROD00333,4,1972.50,20.00
ITEM00002358,ORD0047387,PROD00630,2,1468.72,20.00
ITEM00002359,ORD0100297,PROD00457,4,91.67,5.00
ITEM00002360,ORD0100194,PROD00329,5,92.52,10.00
ITEM00002361,ORD0439193,PROD00143,2,234.09,10.00
ITEM00002362,ORD0249399,PROD00656,4,1129.24,10.00
ITEM00002363,ORD0494061,PROD00046,5,329.57,5.00
ITEM00002364,ORD0309874,PROD00832,3,1648.57,20.00
ITEM00002365,ORD0296691,PROD00026,1,1402.33,10.00
ITEM00002366,ORD0289597,PROD00082,3,870.39,0.00
ITEM00002367,ORD0068517,PROD00827,3,1814.45,20.00
ITEM00002368,ORD0171051,PROD00740,3,1293.87,0.00
ITEM00002369,ORD0354988,PROD00031,1,1315.84,20.00
ITEM00002370,ORD0499014,PROD00656,1,76.24,0.00
ITEM00002371,ORD0434995,PROD00342,1,210.30,0.00
ITEM00002372,ORD0024274,PROD00212,3,1745.34,10.00
ITEM00002373,ORD0408171,PROD00338,5,1023.67,20.00
ITEM00002374,ORD0268534,PROD00655,5,584.93,5.00
ITEM00002375,ORD0127358,PROD00992,4,1489.40,5.00
ITEM00002376,ORD0414345,PROD00485,3,962.42,5.00
ITEM00002377,ORD0002932,PROD00909,3,1762.58,5.00
ITEM00002378,ORD0250499,PROD00430,5,1029.39,10.00
ITEM00002379,ORD0314317,PROD00894,4,865.12,15.00
ITEM00002380,ORD0238445,PROD00698,5,620.76,0.00
ITEM00002381,ORD0339845,PROD00426,5,423.24,10.00
ITEM00002382,ORD0004643,PROD00017,3,847.89,5.00
ITEM00002383,ORD0327051,PROD00936,1,218.57,10.00
ITEM00002384,ORD0155198,PROD00416,1,350.34,15.00
ITEM00002385,ORD0314621,PROD00314,1,1801.56,15.00
ITEM00002386,ORD0436524,PROD00134,3,805.28,15.00
ITEM00002387,ORD0491043,PROD00013,3,1957.71,20.00
ITEM00002388,ORD0434860,PROD00303,4,842.85,5.00
ITEM00002389,ORD0205076,PROD00852,5,1535.60,10.00
ITEM00002390,ORD0119235,PROD00239,1,260.05,20.00
ITEM00002391,ORD0456785,PROD00689,4,889.29,0.00
ITEM00002392,ORD0399722,PROD00380,1,1098.44,20.00
ITEM00002393,ORD0051377,PROD00368,5,372.54,5.00
ITEM00002394,ORD0218898,PROD00925,2,1708.84,5.00
ITEM00002395,ORD0488266,PROD00008,5,1690.05,5.00
ITEM00002396,ORD0285501,PROD00202,5,140.44,5.00
ITEM00002397,ORD0165783,PROD00516,4,1781.47,0.00
ITEM00002398,ORD0107106,PROD00316,4,1721.22,20.00
ITEM00002399,ORD0265131,PROD00755,4,1474.65,5.00
ITEM00002400,ORD0449084,PROD00790,3,427.29,0.00
ITEM00002401,ORD0193271,PROD00310,2,1240.68,10.00
ITEM00002402,ORD0106381,PROD00443,3,1406.88,0.00
ITEM00002403,ORD0236875,PROD00157,1,810.09,0.00
ITEM00002404,ORD0065997,PROD00956,5,890.24,10.00
ITEM00002405,ORD0222967,PROD00191,4,430.47,5.00
ITEM00002406,ORD0053099,PROD00564,1,950.12,5.00
ITEM00002407,ORD0486417,PROD00766,4,1895.07,5.00
ITEM00002408,ORD0392451,PROD00271,5,1923.55,20.00
ITEM00002409,ORD0490359,PROD00200,2,553.08,10.00
ITEM00002410,ORD0307478,PROD00819,4,876.92,5.00
ITEM00002411,ORD0474346,PROD00929,2,51.72,10.00
ITEM00002412,ORD0366909,PROD00417,2,969.89,5.00
ITEM00002413,ORD0000732,PROD00426,3,1716.40,5.00
ITEM00002414,ORD0379852,PROD00943,3,840.69,0.00
ITEM00002415,ORD0316787,PROD00265,4,1295.88,0.00
ITEM00002416,ORD0280574,PROD00102,2,584.49,5.00
ITEM00002417,ORD0060311,PROD00192,2,1915.95,10.00
ITEM00002418,ORD0256243,PROD00354,5,1498.99,10.00
ITEM00002419,ORD0495700,PROD00428,3,338.18,20.00
ITEM00002420,ORD0358407,PROD00057,1,916.01,15.00
ITEM00002421,ORD0129117,PROD00127,5,269.27,0.00
ITEM00002422,ORD0105238,PROD00270,4,459.79,20.00
ITEM00002423,ORD0174364,PROD00182,3,1436.02,0.00
ITEM00002424,ORD0442964,PROD00188,2,1318.07,20.00
ITEM00002425,ORD0240520,PROD00962,2,1917.37,5.00
ITEM00002426,ORD0310362,PROD00242,5,965.07,20.00
ITEM00002427,ORD0080475,PROD00418,3,1369.03,10.00
ITEM00002428,ORD0304810,PROD00236,1,1080.41,10.00
ITEM00002429,ORD0207437,PROD00070,1,1343.36,10.00
ITEM00002430,ORD0114865,PROD00614,5,190.47,0.00
ITEM00002431,ORD0228253,PROD00122,3,1087.25,0.00
ITEM00002432,ORD0161045,PROD00414,4,1985.15,0.00
ITEM00002433,ORD0171557,PROD00270,5,251.42,15.00
ITEM00002434,ORD0295084,PROD00865,5,1367.06,15.00
ITEM00002435,ORD0015424,PROD00164,2,1419.72,15.00
ITEM00002436,ORD0292272,PROD00004,5,1989.68,15.00
ITEM00002437,ORD0104683,PROD00199,2,887.81,20.00
ITEM00002438,ORD0402276,PROD00707,2,1955.41,10.00
ITEM00002439,ORD0494007,PROD00451,3,1961.33,20.00
ITEM00002440,ORD0058618,PROD00250,3,439.69,0.00
ITEM00002441,ORD0241128,PROD00895,3,866.66,15.00
ITEM00002442,ORD0251380,PROD00599,4,895.37,15.00
ITEM00002443,ORD0358024,PROD00234,2,411.77,15.00
ITEM00002444,ORD0263797,PROD00990,5,59.09,20.00
ITEM00002445,ORD0281894,PROD00185,4,1880.55,0.00
ITEM00002446,ORD0423814,PROD00317,3,822.45,5.00
ITEM00002447,ORD0103792,PROD00262,4,1900.05,0.00
ITEM00002448,ORD0480819,PROD00914,2,1851.75,20.00
ITEM00002449,ORD0298970,PROD00109,2,1994.80,10.00
ITEM00002450,ORD0422930,PROD00147,1,1736.29,20.00
ITEM00002451,ORD0132543,PROD00202,4,1293.59,5.00
ITEM00002452,ORD0191699,PROD00766,1,1121.48,5.00
ITEM00002453,ORD0104830,PROD00857,1,447.33,0.00
ITEM00002454,ORD0068550,PROD00126,1,799.20,10.00
ITEM00002455,ORD0185304,PROD00337,1,1956.16,20.00
ITEM00002456,ORD0321940,PROD00865,5,1318.15,0.00
ITEM00002457,ORD0410500,PROD00217,2,140.16,15.00
ITEM00002458,ORD0451985,PROD00725,1,710.35,15.00
ITEM00002459,ORD0155083,PROD00184,1,618.17,15.00
ITEM00002460,ORD0346636,PROD00669,3,258.61,0.00
ITEM00002461,ORD0193526,PROD00727,3,528.62,15.00
ITEM00002462,ORD0365800,PROD00553,3,1807.79,0.00
ITEM00002463,ORD0250296,PROD00291,1,398.56,0.00
ITEM00002464,ORD0417999,PROD00694,3,1495.53,20.00
ITEM00002465,ORD0258733,PROD00046,5,1246.03,15.00
ITEM00002466,ORD0324156,PROD00286,5,1660.92,20.00
ITEM00002467,ORD0250873,PROD00839,5,1143.02,5.00
ITEM00002468,ORD0001790,PROD00134,1,1873.23,20.00
ITEM00002469,ORD0361239,PROD00450,2,280.11,5.00
ITEM00002470,ORD0375307,PROD00490,5,381.51,5.00
ITEM00002471,ORD0062916,PROD00755,2,1856.88,10.00
ITEM00002472,ORD0202428,PROD00727,3,1183.41,0.00
ITEM00002473,ORD0122239,PROD00146,4,555.68,10.00
ITEM00002474,ORD0469652,PROD00986,2,972.65,0.00
ITEM00002475,ORD0029503,PROD00311,3,149.53,15.00
ITEM00002476,ORD0167614,PROD00905,4,1160.65,10.00
ITEM00002477,ORD0196298,PROD00270,2,1333.40,0.00
ITEM00002478,ORD0082377,PROD00775,3,204.93,15.00
ITEM00002479,ORD0434058,PROD00850,1,715.50,10.00
ITEM00002480,ORD0358785,PROD00576,5,1661.65,10.00
ITEM00002481,ORD0124213,PROD00576,4,365.58,0.00
ITEM00002482,ORD0371633,PROD00193,5,59.15,20.00
ITEM00002483,ORD0022665,PROD00103,1,1390.76,15.00
ITEM00002484,ORD0428366,PROD00860,5,309.36,0.00
ITEM00002485,ORD0135409,PROD00480,1,1749.13,20.00
ITEM00002486,ORD0275844,PROD00249,5,1327.57,10.00
ITEM00002487,ORD0473934,PROD00146,4,1793.65,0.00
ITEM00002488,ORD0454915,PROD00032,1,1056.38,10.00
ITEM00002489,ORD0321469,PROD00893,1,1501.16,10.00
ITEM00002490,ORD0258425,PROD00350,3,600.78,15.00
ITEM00002491,ORD0484891,PROD00147,4,194.19,0.00
ITEM00002492,ORD0424694,PROD00899,4,1939.62,0.00
ITEM00002493,ORD0085832,PROD00183,5,1471.87,15.00
ITEM00002494,ORD0328935,PROD00375,5,324.44,5.00
ITEM00002495,ORD0323934,PROD00955,4,238.26,5.00
ITEM00002496,ORD0280974,PROD00875,1,507.51,10.00
ITEM00002497,ORD0133514,PROD00887,1,195.86,5.00
ITEM00002498,ORD0411407,PROD00631,5,863.32,15.00
ITEM00002499,ORD0241872,PROD00733,5,752.35,15.00
ITEM00002500,ORD0174204,PROD00857,2,1790.31,0.00
ITEM00002501,ORD0306366,PROD00880,5,993.03,0.00
ITEM00002502,ORD0161926,PROD00255,4,798.50,0.00
ITEM00002503,ORD0393697,PROD00633,5,1001.30,15.00
ITEM00002504,ORD0211860,PROD00301,5,1734.85,0.00
ITEM00002505,ORD0293982,PROD00196,4,1428.42,0.00
ITEM00002506,ORD0295279,PROD00614,5,291.90,0.00
ITEM00002507,ORD0375622,PROD00376,3,759.56,0.00
ITEM00002508,ORD0113783,PROD00448,1,1985.46,20.00
ITEM00002509,ORD0180526,PROD00961,4,1503.92,5.00
ITEM00002510,ORD0286562,PROD00451,4,1059.17,5.00
ITEM00002511,ORD0391023,PROD00371,5,1273.25,0.00
ITEM00002512,ORD0191071,PROD00743,3,1586.64,15.00
ITEM00002513,ORD0388752,PROD00174,3,1588.89,10.00
ITEM00002514,ORD0272820,PROD00085,4,1377.74,15.00
ITEM00002515,ORD0180743,PROD00494,1,1990.43,5.00
ITEM00002516,ORD0113395,PROD00962,2,1222.22,0.00
ITEM00002517,ORD0143431,PROD00070,5,737.63,10.00
ITEM00002518,ORD0014375,PROD00305,2,1949.76,5.00
ITEM00002519,ORD0070296,PROD00934,5,130.06,5.00
ITEM00002520,ORD0480325,PROD00448,2,1263.96,15.00
ITEM00002521,ORD0427207,PROD00688,3,500.85,0.00
ITEM00002522,ORD0474435,PROD00887,4,1496.05,5.00
ITEM00002523,ORD0088995,PROD00549,1,138.82,10.00
ITEM00002524,ORD0165407,PROD00900,2,1554.86,20.00
ITEM00002525,ORD0404234,PROD00605,5,1004.89,5.00
ITEM00002526,ORD0491021,PROD00739,4,1193.27,5.00
ITEM00002527,ORD0207345,PROD00798,5,1242.78,15.00
ITEM00002528,ORD0455828,PROD00436,1,628.66,0.00
ITEM00002529,ORD0410788,PROD00945,2,527.24,0.00
ITEM00002530,ORD0496247,PROD00221,4,442.84,20.00
ITEM00002531,ORD0436549,PROD00960,1,1104.28,10.00
ITEM00002532,ORD0069176,PROD00747,5,608.77,15.00
ITEM00002533,ORD0190790,PROD00465,1,1815.08,0.00
ITEM00002534,ORD0475880,PROD00788,4,124.93,5.00
ITEM00002535,ORD0003909,PROD00126,3,1520.50,20.00
ITEM00002536,ORD0124916,PROD00850,3,1576.01,15.00
ITEM00002537,ORD0475839,PROD00876,2,212.45,10.00
ITEM00002538,ORD0407682,PROD00471,2,1293.58,15.00
ITEM00002539,ORD0295941,PROD00041,4,331.17,20.00
ITEM00002540,ORD0227002,PROD00174,3,271.03,5.00
ITEM00002541,ORD0453549,PROD00392,5,641.12,20.00
ITEM00002542,ORD0179974,PROD00283,5,493.95,15.00
ITEM00002543,ORD0245548,PROD00189,1,445.15,20.00
ITEM00002544,ORD0287837,PROD00079,1,1578.03,15.00
ITEM00002545,ORD0262599,PROD00294,3,1746.37,15.00
ITEM00002546,ORD0235435,PROD00341,2,1956.15,20.00
ITEM00002547,ORD0457851,PROD00460,3,816.29,10.00
ITEM00002548,ORD0074824,PROD00181,2,206.61,5.00
ITEM00002549,ORD0193973,PROD00929,4,1108.34,0.00
ITEM00002550,ORD0325790,PROD00540,1,754.21,10.00
ITEM00002551,ORD0118148,PROD00715,1,1369.91,0.00
ITEM00002552,ORD0200977,PROD00741,2,424.60,20.00