product_id,product_name,product_category,product_family,launch_date
PROD00001,Product 1,Laptop,Consumer,2023-04-13
PROD00002,Product 2,Printer,Gaming,2022-12-23
PROD00003,Product 3,Monitor,Gaming,2024-11-19
PROD00004,Product 4,Desktop,Consumer,2024-06-05
PROD00005,Product 5,Desktop,Gaming,2024-07-16
PROD00006,Product 6,Desktop,Gaming,2026-06-18
PROD00007,Product 7,Monitor,Premium,2023-12-14
PROD00008,Product 8,Printer,Gaming,2022-07-18
PROD00009,Product 9,Monitor,Consumer,2025-03-24
PROD00010,Product 10,Printer,Business,2022-12-20
PROD00011,Product 11,Desktop,Consumer,2026-02-08
PROD00012,Product 12,Desktop,Business,2024-08-24
PROD00013,Product 13,Accessory,Premium,2022-05-15
PROD00014,Product 14,Monitor,Consumer,2023-08-15
PROD00015,Product 15,Accessory,Business,2025-03-18
PROD00016,Product 16,Desktop,Premium,2022-10-10
PROD00017,Product 17,Accessory,Business,2024-02-08
PROD00018,Product 18,Laptop,Consumer,2025-04-07
PROD00019,Product 19,Laptop,Business,2021-11-11
PROD00020,Product 20,Printer,Business,2025-10-12
PROD00021,Product 21,Desktop,Premium,2023-05-13
PROD00022,Product 22,Accessory,Consumer,2025-04-25
PROD00023,Product 23,Laptop,Gaming,2023-02-20
PROD00024,Product 24,Printer,Consumer,2025-05-19
PROD00025,Product 25,Laptop,Premium,2025-08-30
PROD00026,Product 26,Desktop,Premium,2025-06-02
PROD00027,Product 27,Desktop,Gaming,2024-10-02
PROD00028,Product 28,Accessory,Premium,2023-08-22
PROD00029,Product 29,Laptop,Premium,2023-02-28
PROD00030,Product 30,Monitor,Consumer,2025-01-10
PROD00031,Product 31,Accessory,Gaming,2025-03-09
PROD00032,Product 32,Monitor,Business,2025-07-13
PROD00033,Product 33,Printer,Consumer,2025-04-08
PROD00034,Product 34,Accessory,Premium,2023-12-20
PROD00035,Product 35,Monitor,Gaming,2023-02-05
PROD00036,Product 36,Printer,Gaming,2024-06-14
PROD00037,Product 37,Laptop,Business,2023-04-03
PROD00038,Product 38,Laptop,Premium,2022-02-07
PROD00039,Product 39,Desktop,Premium,2023-09-09
PROD00040,Product 40,Monitor,Business,2021-12-16
PROD00041,Product 41,Desktop,Gaming,2024-04-09
PROD00042,Product 42,Accessory,Premium,2022-06-12
PROD00043,Product 43,Accessory,Premium,2025-10-18
PROD00044,Product 44,Printer,Premium,2022-03-17
PROD00045,Product 45,Desktop,Gaming,2023-04-28
PROD00046,Product 46,Monitor,Premium,2026-08-07
PROD00047,Product 47,Printer,Gaming,2025-08-04
PROD00048,Product 48,Accessory,Gaming,2022-01-13
PROD00049,Product 49,Monitor,Consumer,2026-03-16
PROD00050,Product 50,Laptop,Gaming,2024-02-17
PROD00051,Product 51,Desktop,Business,2024-09-27
PROD00052,Product 52,Desktop,Business,2025-08-11
PROD00053,Product 53,Accessory,Consumer,2024-08-03
PROD00054,Product 54,Monitor,Gaming,2026-06-07
PROD00055,Product 55,Accessory,Business,2025-09-30
PROD00056,Product 56,Accessory,Gaming,2023-04-24
PROD00057,Product 57,Monitor,Consumer,2022-08-18
PROD00058,Product 58,Accessory,Premium,2026-02-20
PROD00059,Product 59,Monitor,Premium,2023-07-05
PROD00060,Product 60,Monitor,Consumer,2023-09-24
PROD00061,Product 61,Accessory,Premium,2025-01-04
PROD00062,Product 62,Monitor,Premium,2022-10-26
PROD00063,Product 63,Monitor,Premium,2026-08-24
PROD00064,Product 64,Monitor,Gaming,2025-11-28
PROD00065,Product 65,Desktop,Business,2025-11-23
PROD00066,Product 66,Monitor,Business,2024-10-12
PROD00067,Product 67,Printer,Business,2025-04-03
PROD00068,Product 68,Accessory,Business,2024-03-26
PROD00069,Product 69,Accessory,Business,2023-08-05
PROD00070,Product 70,Laptop,Business,2021-11-23
PROD00071,Product 71,Desktop,Gaming,2024-11-03
PROD00072,Product 72,Accessory,Business,2026-07-23
PROD00073,Product 73,Desktop,Gaming,2023-03-26
PROD00074,Product 74,Accessory,Gaming,2022-07-20
PROD00075,Product 75,Monitor,Consumer,2026-01-24
PROD00076,Product 76,Accessory,Business,2026-07-31
PROD00077,Product 77,Laptop,Consumer,2024-08-09
PROD00078,Product 78,Desktop,Premium,2023-07-14
PROD00079,Product 79,Laptop,Business,2023-06-22
PROD00080,Product 80,Laptop,Consumer,2021-12-13
PROD00081,Product 81,Monitor,Gaming,2023-06-24
PROD00082,Product 82,Accessory,Gaming,2024-03-14
PROD00083,Product 83,Desktop,Consumer,2026-08-25
PROD00084,Product 84,Accessory,Business,2026-08-03
PROD00085,Product 85,Accessory,Business,2023-01-16
PROD00086,Product 86,Printer,Business,2023-09-17
PROD00087,Product 87,Printer,Consumer,2025-06-22
PROD00088,Product 88,Laptop,Premium,2022-05-29
PROD00089,Product 89,Accessory,Consumer,2024-03-20
PROD00090,Product 90,Monitor,Premium,2023-04-29
PROD00091,Product 91,Monitor,Consumer,2025-03-09
PROD00092,Product 92,Accessory,Premium,2023-11-28
PROD00093,Product 93,Monitor,Business,2021-11-23
PROD00094,Product 94,Laptop,Premium,2024-09-04
PROD00095,Product 95,Printer,Gaming,2023-02-03
PROD00096,Product 96,Accessory,Business,2023-01-19
PROD00097,Product 97,Laptop,Gaming,2023-08-12
PROD00098,Product 98,Laptop,Premium,2021-12-02
PROD00099,Product 99,Desktop,Gaming,2025-03-28
PROD00100,Product 100,Laptop,Consumer,2025-06-15
PROD00101,Product 101,Desktop,Consumer,2023-10-16
PROD00102,Product 102,Printer,Consumer,2022-12-31
PROD00103,Product 103,Desktop,Premium,2025-12-02
PROD00104,Product 104,Printer,Consumer,2022-07-21
PROD00105,Product 105,Monitor,Gaming,2022-06-26
PROD00106,Product 106,Monitor,Consumer,2026-02-27
PROD00107,Product 107,Accessory,Gaming,2024-05-16
PROD00108,Product 108,Laptop,Gaming,2021-11-26
PROD00109,Product 109,Monitor,Business,2022-02-28
PROD00110,Product 110,Desktop,Business,2026-08-29
PROD00111,Product 111,Laptop,Consumer,2024-01-31
PROD00112,Product 112,Desktop,Consumer,2024-11-12
PROD00113,Product 113,Printer,Business,2025-11-11
PROD00114,Product 114,Monitor,Premium,2024-03-16
PROD00115,Product 115,Monitor,Gaming,2023-09-17
PROD00116,Product 116,Accessory,Business,2025-03-14
PROD00117,Product 117,Laptop,Premium,2022-11-21
PROD00118,Product 118,Printer,Premium,2024-08-09
PROD00119,Product 119,Laptop,Business,2023-01-19
PROD00120,Product 120,Printer,Gaming,2026-09-19
PROD00121,Product 121,Desktop,Premium,2025-11-27
PROD00122,Product 122,Desktop,Business,2025-07-17
PROD00123,Product 123,Accessory,Business,2024-10-19
PROD00124,Product 124,Printer,Gaming,2023-02-13
PROD00125,Product 125,Accessory,Business,2025-10-18
PROD00126,Product 126,Desktop,Business,2021-12-18
PROD00127,Product 127,Laptop,Consumer,2025-02-14
PROD00128,Product 128,Printer,Business,2024-08-13
PROD00129,Product 129,Printer,Premium,2026-02-06
PROD00130,Product 130,Accessory,Consumer,2022-09-03
PROD00131,Product 131,Laptop,Gaming,2022-11-12
PROD00132,Product 132,Printer,Consumer,2025-10-30
PROD00133,Product 133,Printer,Consumer,2024-11-15
PROD00134,Product 134,Printer,Gaming,2025-12-05
PROD00135,Product 135,Printer,Premium,2022-10-17
PROD00136,Product 136,Laptop,Premium,2024-07-29
PROD00137,Product 137,Accessory,Business,2021-11-12
PROD00138,Product 138,Printer,Business,2025-04-15
PROD00139,Product 139,Laptop,Consumer,2026-05-12
PROD00140,Product 140,Desktop,Premium,2021-10-18
PROD00141,Product 141,Printer,Business,2024-07-25
PROD00142,Product 142,Printer,Premium,2023-05-16
PROD00143,Product 143,Monitor,Consumer,2026-01-23
PROD00144,Product 144,Accessory,Premium,2023-11-10
PROD00145,Product 145,Desktop,Gaming,2026-01-30
PROD00146,Product 146,Laptop,Business,2026-09-13
PROD00147,Product 147,Desktop,Business,2026-08-21
PROD00148,Product 148,Accessory,Gaming,2025-11-28
PROD00149,Product 149,Printer,Business,2026-05-28
PROD00150,Product 150,Desktop,Premium,2026-08-09
PROD00151,Product 151,Monitor,Gaming,2022-04-14
PROD00152,Product 152,Laptop,Gaming,2024-04-13
PROD00153,Product 153,Printer,Gaming,2025-05-05
PROD00154,Product 154,Printer,Business,2021-12-25
PROD00155,Product 155,Desktop,Consumer,2023-10-21
PROD00156,Product 156,Laptop,Premium,2024-10-16
PROD00157,Product 157,Desktop,Business,2023-12-05
PROD00158,Product 158,Printer,Gaming,2026-01-08
PROD00159,Product 159,Laptop,Gaming,2022-03-13
PROD00160,Product 160,Accessory,Consumer,2022-06-19
PROD00161,Product 161,Monitor,Consumer,2026-09-15
PROD00162,Product 162,Accessory,Consumer,2022-06-21
PROD00163,Product 163,Accessory,Premium,2025-12-04
PROD00164,Product 164,Accessory,Consumer,2025-10-04
PROD00165,Product 165,Accessory,Gaming,2022-08-26
PROD00166,Product 166,Accessory,Business,2024-01-22
PROD00167,Product 167,Monitor,Consumer,2024-02-24
PROD00168,Product 168,Desktop,Premium,2026-05-29
PROD00169,Product 169,Desktop,Gaming,2023-02-04
PROD00170,Product 170,Accessory,Business,2021-11-13
PROD00171,Product 171,Accessory,Gaming,2024-06-22
PROD00172,Product 172,Monitor,Consumer,2025-08-11
PROD00173,Product 173,Accessory,Premium,2024-01-31
PROD00174,Product 174,Printer,Business,2022-02-24
PROD00175,Product 175,Monitor,Gaming,2022-01-22
PROD00176,Product 176,Accessory,Business,2022-08-05
PROD00177,Product 177,Accessory,Business,2023-10-08
PROD00178,Product 178,Printer,Business,2024-02-28
PROD00179,Product 179,Accessory,Business,2025-09-21
PROD00180,Product 180,Printer,Business,2024-06-10
PROD00181,Product 181,Printer,Business,2025-03-05
PROD00182,Product 182,Monitor,Premium,2022-04-17
PROD00183,Product 183,Printer,Premium,2026-06-03
PROD00184,Product 184,Desktop,Business,2026-01-31
PROD00185,Product 185,Monitor,Premium,2024-08-24
PROD00186,Product 186,Desktop,Premium,2025-06-06
PROD00187,Product 187,Laptop,Gaming,2025-11-05
PROD00188,Product 188,Printer,Business,2024-12-28
PROD00189,Product 189,Accessory,Consumer,2023-05-15
PROD00190,Product 190,Laptop,Consumer,2025-10-10
PROD00191,Product 191,Desktop,Premium,2023-05-26
PROD00192,Product 192,Desktop,Gaming,2022-01-03
PROD00193,Product 193,Printer,Consumer,2026-08-26
PROD00194,Product 194,Desktop,Gaming,2022-02-13
PROD00195,Product 195,Laptop,Premium,2026-08-31
PROD00196,Product 196,Printer,Business,2026-09-17
PROD00197,Product 197,Laptop,Business,2025-08-02
PROD00198,Product 198,Monitor,Premium,2022-03-16
PROD00199,Product 199,Accessory,Gaming,2026-08-22
PROD00200,Product 200,Printer,Premium,2024-12-23
PROD00201,Product 201,Monitor,Premium,2023-11-13
PROD00202,Product 202,Desktop,Business,2026-04-16
PROD00203,Product 203,Accessory,Consumer,2023-10-31
PROD00204,Product 204,Laptop,Gaming,2024-09-17
PROD00205,Product 205,Desktop,Consumer,2025-09-20
PROD00206,Product 206,Accessory,Consumer,2022-04-26
PROD00207,Product 207,Accessory,Premium,2023-04-15
PROD00208,Product 208,Desktop,Business,2024-09-14
PROD00209,Product 209,Desktop,Consumer,2024-04-16
PROD00210,Product 210,Desktop,Business,2025-06-28
PROD00211,Product 211,Printer,Gaming,2026-03-22
PROD00212,Product 212,Monitor,Premium,2024-03-26
PROD00213,Product 213,Printer,Consumer,2022-01-13
PROD00214,Product 214,Laptop,Business,2023-08-04
PROD00215,Product 215,Accessory,Premium,2021-10-03
PROD00216,Product 216,Desktop,Premium,2025-10-06
PROD00217,Product 217,Desktop,Gaming,2024-06-29
PROD00218,Product 218,Laptop,Business,2022-07-15
PROD00219,Product 219,Monitor,Business,2023-12-09
PROD00220,Product 220,Laptop,Business,2026-09-19
PROD00221,Product 221,Laptop,Consumer,2022-01-21
PROD00222,Product 222,Accessory,Premium,2022-08-11
PROD00223,Product 223,Printer,Consumer,2025-06-13
PROD00224,Product 224,Accessory,Premium,2025-06-16
PROD00225,Product 225,Accessory,Gaming,2023-03-02
PROD00226,Product 226,Monitor,Gaming,2023-11-21
PROD00227,Product 227,Desktop,Business,2024-08-01
PROD00228,Product 228,Monitor,Consumer,2025-01-12
PROD00229,Product 229,Desktop,Premium,2023-09-23
PROD00230,Product 230,Accessory,Consumer,2024-06-19
PROD00231,Product 231,Printer,Business,2025-10-18
PROD00232,Product 232,Accessory,Gaming,2023-09-25
PROD00233,Product 233,Laptop,Gaming,2025-09-06
PROD00234,Product 234,Printer,Business,2025-06-24
PROD00235,Product 235,Desktop,Business,2025-07-01
PROD00236,Product 236,Desktop,Consumer,2024-08-16
PROD00237,Product 237,Printer,Consumer,2022-04-06
PROD00238,Product 238,Desktop,Premium,2026-01-17
PROD00239,Product 239,Printer,Business,2022-07-02
PROD00240,Product 240,Monitor,Premium,2026-04-10
PROD00241,Product 241,Accessory,Business,2026-05-21
PROD00242,Product 242,Desktop,Business,2023-08-26
PROD00243,Product 243,Accessory,Gaming,2025-12-19
PROD00244,Product 244,Accessory,Business,2023-06-08
PROD00245,Product 245,Laptop,Business,2024-01-08
PROD00246,Product 246,Monitor,Gaming,2022-08-15
PROD00247,Product 247,Monitor,Premium,2023-07-22
PROD00248,Product 248,Monitor,Gaming,2023-12-28
PROD00249,Product 249,Printer,Consumer,2022-08-12
PROD00250,Product 250,Accessory,Gaming,2025-05-20
PROD00251,Product 251,Laptop,Gaming,2024-06-18
PROD00252,Product 252,Accessory,Business,2023-10-03
PROD00253,Product 253,Accessory,Premium,2023-03-16
PROD00254,Product 254,Desktop,Consumer,2022-01-17
PROD00255,Product 255,Monitor,Consumer,2025-11-18
PROD00256,Product 256,Laptop,Consumer,2025-02-05
PROD00257,Product 257,Desktop,Premium,2024-06-27
PROD00258,Product 258,Desktop,Consumer,2023-10-28
PROD00259,Product 259,Desktop,Consumer,2026-02-23
PROD00260,Product 260,Desktop,Gaming,2026-05-01
PROD00261,Product 261,Monitor,Gaming,2026-01-29
PROD00262,Product 262,Laptop,Gaming,2021-12-17
PROD00263,Product 263,Desktop,Premium,2021-12-24
PROD00264,Product 264,Monitor,Consumer,2026-05-30
PROD00265,Product 265,Desktop,Gaming,2022-04-20
PROD00266,Product 266,Desktop,Consumer,2023-10-18
PROD00267,Product 267,Monitor,Premium,2024-08-01
PROD00268,Product 268,Accessory,Gaming,2025-04-05
PROD00269,Product 269,Desktop,Gaming,2026-04-16
PROD00270,Product 270,Laptop,Business,2021-11-25
PROD00271,Product 271,Accessory,Premium,2025-05-01
PROD00272,Product 272,Printer,Gaming,2025-02-09
PROD00273,Product 273,Desktop,Business,2022-10-24
PROD00274,Product 274,Printer,Gaming,2025-10-15
PROD00275,Product 275,Printer,Gaming,2026-05-29
PROD00276,Product 276,Printer,Premium,2025-11-03
PROD00277,Product 277,Laptop,Business,2025-12-23
PROD00278,Product 278,Monitor,Premium,2025-10-03
PROD00279,Product 279,Monitor,Premium,2021-11-01
PROD00280,Product 280,Printer,Gaming,2023-03-19
PROD00281,Product 281,Monitor,Consumer,2026-05-21
PROD00282,Product 282,Printer,Consumer,2026-03-15
PROD00283,Product 283,Monitor,Consumer,2022-09-19
PROD00284,Product 284,Monitor,Business,2022-05-20
PROD00285,Product 285,Laptop,Business,2022-02-21
PROD00286,Product 286,Accessory,Consumer,2026-04-02
PROD00287,Product 287,Accessory,Gaming,2026-02-08
PROD00288,Product 288,Laptop,Premium,2021-12-07
PROD00289,Product 289,Accessory,Consumer,2023-12-18
PROD00290,Product 290,Accessory,Business,2024-01-12
PROD00291,Product 291,Printer,Gaming,2022-02-18
PROD00292,Product 292,Laptop,Gaming,2022-01-11
PROD00293,Product 293,Accessory,Gaming,2024-07-31
PROD00294,Product 294,Laptop,Premium,2024-02-06
PROD00295,Product 295,Desktop,Premium,2022-03-07
PROD00296,Product 296,Laptop,Gaming,2024-02-06
PROD00297,Product 297,Printer,Consumer,2022-03-12
PROD00298,Product 298,Printer,Premium,2026-01-24
PROD00299,Product 299,Monitor,Premium,2023-08-14
PROD00300,Product 300,Laptop,Consumer,2021-10-26
PROD00301,Product 301,Accessory,Gaming,2021-11-23
PROD00302,Product 302,Accessory,Business,2023-04-08
PROD00303,Product 303,Printer,Business,2022-08-05
PROD00304,Product 304,Laptop,Premium,2024-06-17
PROD00305,Product 305,Laptop,Business,2024-12-27
PROD00306,Product 306,Laptop,Business,2025-11-21
PROD00307,Product 307,Accessory,Business,2026-07-20
PROD00308,Product 308,Accessory,Premium,2025-11-01
PROD00309,Product 309,Desktop,Gaming,2025-01-26
PROD00310,Product 310,Accessory,Premium,2025-05-04
PROD00311,Product 311,Monitor,Gaming,2023-11-12
PROD00312,Product 312,Desktop,Premium,2024-10-02
PROD00313,Product 313,Printer,Gaming,2022-08-22
PROD00314,Product 314,Printer,Premium,2026-06-26
PROD00315,Product 315,Desktop,Gaming,2024-11-21
PROD00316,Product 316,Monitor,Business,2024-04-21
PROD00317,Product 317,Printer,Consumer,2025-03-25
PROD00318,Product 318,Accessory,Premium,2022-11-23
PROD00319,Product 319,Desktop,Gaming,2024-12-17
PROD00320,Product 320,Printer,Premium,2022-07-23
PROD00321,Product 321,Accessory,Gaming,2025-03-15
PROD00322,Product 322,Desktop,Consumer,2025-01-16
PROD00323,Product 323,Laptop,Business,2025-06-30
PROD00324,Product 324,Laptop,Gaming,2024-06-24
PROD00325,Product 325,Desktop,Business,2026-08-07
PROD00326,Product 326,Desktop,Business,2025-08-27
PROD00327,Product 327,Accessory,Consumer,2025-08-31
PROD00328,Product 328,Printer,Business,2022-01-01
PROD00329,Product 329,Desktop,Consumer,2024-09-04
PROD00330,Product 330,Laptop,Premium,2022-05-25
PROD00331,Product 331,Desktop,Business,2026-06-06
PROD00332,Product 332,Printer,Premium,2022-04-15
PROD00333,Product 333,Desktop,Business,2026-05-14
PROD00334,Product 334,Accessory,Gaming,2024-12-25
PROD00335,Product 335,Accessory,Consumer,2021-10-23
PROD00336,Product 336,Laptop,Gaming,2023-11-16
PROD00337,Product 337,Monitor,Business,2025-05-16
PROD00338,Product 338,Accessory,Gaming,2021-12-16
PROD00339,Product 339,Monitor,Gaming,2022-06-04
PROD00340,Product 340,Desktop,Gaming,2025-11-18
PROD00341,Product 341,Accessory,Business,2024-11-08
PROD00342,Product 342,Laptop,Consumer,2024-11-20
PROD00343,Product 343,Printer,Gaming,2022-10-30
PROD00344,Product 344,Desktop,Business,2024-01-19
PROD00345,Product 345,Monitor,Gaming,2023-05-26
PROD00346,Product 346,Printer,Gaming,2026-06-02
PROD00347,Product 347,Printer,Premium,2025-10-31
PROD00348,Product 348,Printer,Gaming,2024-07-19
PROD00349,Product 349,Printer,Business,2022-11-29
PROD00350,Product 350,Printer,Business,2023-08-12
PROD00351,Product 351,Monitor,Premium,2025-07-18
PROD00352,Product 352,Monitor,Business,2025-06-22
PROD00353,Product 353,Desktop,Premium,2024-11-13
PROD00354,Product 354,Laptop,Premium,2021-11-20
PROD00355,Product 355,Printer,Premium,2026-04-27
PROD00356,Product 356,Monitor,Consumer,2025-04-10
PROD00357,Product 357,Accessory,Consumer,2023-06-02
PROD00358,Product 358,Monitor,Premium,2026-05-08
PROD00359,Product 359,Printer,Consumer,2025-11-21
PROD00360,Product 360,Accessory,Premium,2023-05-04
PROD00361,Product 361,Accessory,Gaming,2025-02-05
PROD00362,Product 362,Printer,Business,2021-11-09
PROD00363,Product 363,Monitor,Gaming,2024-09-30
PROD00364,Product 364,Desktop,Business,2025-05-02
PROD00365,Product 365,Desktop,Business,2025-08-01
PROD00366,Product 366,Desktop,Business,2024-04-01
PROD00367,Product 367,Accessory,Business,2023-08-06
PROD00368,Product 368,Laptop,Business,2022-04-30
PROD00369,Product 369,Laptop,Gaming,2025-07-02
PROD00370,Product 370,Printer,Premium,2025-09-21
PROD00371,Product 371,Monitor,Premium,2023-12-16
PROD00372,Product 372,Desktop,Gaming,2025-11-19
PROD00373,Product 373,Accessory,Premium,2023-03-08
PROD00374,Product 374,Desktop,Premium,2023-08-02
PROD00375,Product 375,Accessory,Business,2025-10-12
PROD00376,Product 376,Monitor,Gaming,2025-11-09
PROD00377,Product 377,Desktop,Premium,2024-05-02
PROD00378,Product 378,Accessory,Premium,2025-06-21
PROD00379,Product 379,Monitor,Business,2022-08-19
PROD00380,Product 380,Laptop,Business,2021-11-03
PROD00381,Product 381,Desktop,Business,2022-12-26
PROD00382,Product 382,Monitor,Gaming,2026-08-25
PROD00383,Product 383,Desktop,Premium,2021-11-16
PROD00384,Product 384,Desktop,Premium,2023-10-13
PROD00385,Product 385,Laptop,Consumer,2024-09-26
PROD00386,Product 386,Laptop,Gaming,2025-12-20
PROD00387,Product 387,Accessory,Premium,2026-01-06
PROD00388,Product 388,Printer,Consumer,2022-01-18
PROD00389,Product 389,Accessory,Consumer,2024-04-25
PROD00390,Product 390,Accessory,Consumer,2025-07-01
PROD00391,Product 391,Accessory,Consumer,2026-02-28
PROD00392,Product 392,Laptop,Consumer,2024-09-09
PROD00393,Product 393,Monitor,Premium,2024-10-07
PROD00394,Product 394,Printer,Gaming,2024-02-18
PROD00395,Product 395,Desktop,Business,2022-12-13
PROD00396,Product 396,Monitor,Premium,2024-12-10
PROD00397,Product 397,Desktop,Consumer,2024-08-02
PROD00398,Product 398,Printer,Consumer,2023-05-24
PROD00399,Product 399,Laptop,Consumer,2023-06-17
PROD00400,Product 400,Laptop,Gaming,2025-10-25
PROD00401,Product 401,Desktop,Consumer,2023-01-09
PROD00402,Product 402,Desktop,Gaming,2025-04-09
PROD00403,Product 403,Laptop,Business,2023-11-01
PROD00404,Product 404,Monitor,Consumer,2023-06-06
PROD00405,Product 405,Monitor,Gaming,2024-10-23
PROD00406,Product 406,Printer,Business,2022-08-15
PROD00407,Product 407,Desktop,Premium,2025-08-15
PROD00408,Product 408,Accessory,Business,2025-03-21
PROD00409,Product 409,Printer,Business,2023-06-19
PROD00410,Product 410,Accessory,Gaming,2021-11-06
PROD00411,Product 411,Monitor,Business,2025-06-27
PROD00412,Product 412,Desktop,Business,2022-09-15
PROD00413,Product 413,Monitor,Business,2022-04-15
PROD00414,Product 414,Laptop,Consumer,2023-10-21
PROD00415,Product 415,Laptop,Gaming,2023-08-06
PROD00416,Product 416,Laptop,Business,2024-08-10
PROD00417,Product 417,Laptop,Premium,2026-01-11
PROD00418,Product 418,Laptop,Gaming,2022-12-07
PROD00419,Product 419,Printer,Premium,2024-09-10
PROD00420,Product 420,Printer,Premium,2024-06-12
PROD00421,Product 421,Desktop,Premium,2024-01-08
PROD00422,Product 422,Accessory,Consumer,2024-02-22
PROD00423,Product 423,Laptop,Consumer,2025-11-18
PROD00424,Product 424,Monitor,Consumer,2025-09-04
PROD00425,Product 425,Accessory,Consumer,2024-11-17
PROD00426,Product 426,Desktop,Gaming,2023-09-23
PROD00427,Product 427,Accessory,Gaming,2024-12-24
PROD00428,Product 428,Accessory,Gaming,2022-09-06
PROD00429,Product 429,Desktop,Consumer,2025-07-07
PROD00430,Product 430,Printer,Premium,2025-07-24
PROD00431,Product 431,Printer,Gaming,2025-09-07
PROD00432,Product 432,Accessory,Gaming,2024-10-14
PROD00433,Product 433,Monitor,Consumer,2024-03-21
PROD00434,Product 434,Monitor,Gaming,2024-04-13
PROD00435,Product 435,Desktop,Premium,2024-11-14
PROD00436,Product 436,Accessory,Premium,2025-07-03
PROD00437,Product 437,Monitor,Consumer,2023-02-05
PROD00438,Product 438,Accessory,Premium,2023-11-22
PROD00439,Product 439,Monitor,Premium,2025-01-31
PROD00440,Product 440,Printer,Consumer,2025-01-22
PROD00441,Product 441,Accessory,Consumer,2024-04-17
PROD00442,Product 442,Printer,Business,2025-03-30
PROD00443,Product 443,Accessory,Business,2022-06-05
PROD00444,Product 444,Printer,Premium,2023-11-23
PROD00445,Product 445,Laptop,Gaming,2022-10-05
PROD00446,Product 446,Monitor,Premium,2024-02-28
PROD00447,Product 447,Monitor,Business,2023-01-12
PROD00448,Product 448,Laptop,Premium,2023-03-10
PROD00449,Product 449,Desktop,Consumer,2022-07-14
PROD00450,Product 450,Desktop,Consumer,2023-08-01
PROD00451,Product 451,Monitor,Gaming,2022-09-08
PROD00452,Product 452,Laptop,Consumer,2023-03-29
PROD00453,Product 453,Monitor,Gaming,2026-08-04
PROD00454,Product 454,Accessory,Premium,2023-01-20
PROD00455,Product 455,Laptop,Consumer,2023-08-05
PROD00456,Product 456,Monitor,Business,2022-01-10
PROD00457,Product 457,Desktop,Premium,2025-07-14
PROD00458,Product 458,Laptop,Gaming,2021-11-04
PROD00459,Product 459,Laptop,Gaming,2023-02-18
PROD00460,Product 460,Laptop,Consumer,2025-07-15
PROD00461,Product 461,Monitor,Premium,2022-01-16
PROD00462,Product 462,Monitor,Business,2022-06-06
PROD00463,Product 463,Desktop,Gaming,2025-05-06
PROD00464,Product 464,Desktop,Premium,2025-07-21
PROD00465,Product 465,Printer,Premium,2022-10-28
PROD00466,Product 466,Laptop,Business,2025-03-13
PROD00467,Product 467,Printer,Gaming,2025-11-07
PROD00468,Product 468,Laptop,Business,2024-10-02
PROD00469,Product 469,Laptop,Business,2025-11-16
PROD00470,Product 470,Accessory,Consumer,2026-01-12
PROD00471,Product 471,Printer,Consumer,2021-12-23
PROD00472,Product 472,Desktop,Gaming,2022-11-13
PROD00473,Product 473,Accessory,Business,2026-09-19
PROD00474,Product 474,Desktop,Gaming,2024-08-25
PROD00475,Product 475,Monitor,Premium,2022-11-01
PROD00476,Product 476,Accessory,Business,2023-06-19
PROD00477,Product 477,Monitor,Consumer,2024-05-26
PROD00478,Product 478,Laptop,Premium,2022-03-26
PROD00479,Product 479,Monitor,Business,2024-06-18
PROD00480,Product 480,Desktop,Consumer,2024-03-17
PROD00481,Product 481,Laptop,Business,2023-08-17
PROD00482,Product 482,Desktop,Gaming,2025-02-01
PROD00483,Product 483,Laptop,Gaming,2025-04-14
PROD00484,Product 484,Monitor,Business,2021-09-26
PROD00485,Product 485,Laptop,Consumer,2024-10-03
PROD00486,Product 486,Printer,Gaming,2024-10-13
PROD00487,Product 487,Monitor,Consumer,2024-11-11
PROD00488,Product 488,Printer,Premium,2026-06-20
PROD00489,Product 489,Desktop,Gaming,2023-03-09
PROD00490,Product 490,Accessory,Premium,2026-02-27
PROD00491,Product 491,Accessory,Business,2023-08-20
PROD00492,Product 492,Printer,Premium,2023-11-09
PROD00493,Product 493,Accessory,Business,2024-10-01
PROD00494,Product 494,Monitor,Gaming,2022-06-08
PROD00495,Product 495,Laptop,Consumer,2021-09-25
PROD00496,Product 496,Desktop,Consumer,2022-04-21
PROD00497,Product 497,Laptop,Consumer,2026-09-07
PROD00498,Product 498,Laptop,Business,2022-06-24
PROD00499,Product 499,Accessory,Premium,2026-02-10
PROD00500,Product 500,Monitor,Business,2023-11-21
PROD00501,Product 501,Laptop,Consumer,2024-01-24
PROD00502,Product 502,Desktop,Business,2025-03-17
PROD00503,Product 503,Desktop,Gaming,2022-04-25
PROD00504,Product 504,Printer,Gaming,2026-01-06
PROD00505,Product 505,Desktop,Business,2024-06-15
PROD00506,Product 506,Monitor,Gaming,2023-07-25
PROD00507,Product 507,Desktop,Consumer,2023-02-01
PROD00508,Product 508,Printer,Premium,2025-03-27
PROD00509,Product 509,Accessory,Gaming,2022-12-29
PROD00510,Product 510,Laptop,Business,2022-05-02
PROD00511,Product 511,Desktop,Gaming,2025-05-09
PROD00512,Product 512,Desktop,Consumer,2025-12-21
PROD00513,Product 513,Accessory,Consumer,2026-06-06
PROD00514,Product 514,Monitor,Consumer,2025-04-29
PROD00515,Product 515,Monitor,Premium,2022-02-18
PROD00516,Product 516,Accessory,Gaming,2023-10-30
PROD00517,Product 517,Accessory,Gaming,2023-02-08
PROD00518,Product 518,Laptop,Consumer,2025-06-13
PROD00519,Product 519,Desktop,Premium,2021-11-07
PROD00520,Product 520,Accessory,Premium,2023-03-04
PROD00521,Product 521,Printer,Business,2026-07-24
PROD00522,Product 522,Laptop,Business,2024-09-24
PROD00523,Product 523,Printer,Consumer,2022-08-03
PROD00524,Product 524,Accessory,Gaming,2024-11-13
PROD00525,Product 525,Printer,Gaming,2025-11-10
PROD00526,Product 526,Laptop,Consumer,2023-01-06
PROD00527,Product 527,Accessory,Consumer,2026-05-13
PROD00528,Product 528,Desktop,Business,2025-07-11
PROD00529,Product 529,Laptop,Consumer,2023-07-13
PROD00530,Product 530,Monitor,Consumer,2024-01-22
PROD00531,Product 531,Accessory,Business,2024-08-01
PROD00532,Product 532,Desktop,Gaming,2022-12-05
PROD00533,Product 533,Accessory,Gaming,2024-12-19
PROD00534,Product 534,Accessory,Gaming,2025-11-26
PROD00535,Product 535,Laptop,Gaming,2022-03-10
PROD00536,Product 536,Printer,Gaming,2021-11-03
PROD00537,Product 537,Printer,Premium,2025-10-11
PROD00538,Product 538,Accessory,Premium,2024-06-23
PROD00539,Product 539,Desktop,Premium,2026-04-18
PROD00540,Product 540,Accessory,Business,2025-04-27
PROD00541,Product 541,Printer,Premium,2024-05-23
PROD00542,Product 542,Printer,Premium,2025-08-27
PROD00543,Product 543,Laptop,Gaming,2022-04-24
PROD00544,Product 544,Printer,Consumer,2021-12-18
PROD00545,Product 545,Printer,Premium,2022-01-28
PROD00546,Product 546,Desktop,Gaming,2022-01-28
PROD00547,Product 547,Desktop,Business,2022-01-22
PROD00548,Product 548,Laptop,Consumer,2023-09-01
PROD00549,Product 549,Laptop,Gaming,2024-10-25
PROD00550,Product 550,Laptop,Gaming,2022-11-02
PROD00551,Product 551,Printer,Premium,2025-01-13
PROD00552,Product 552,Accessory,Gaming,2024-09-24
PROD00553,Product 553,Printer,Premium,2026-09-08
PROD00554,Product 554,Desktop,Premium,2022-09-12
PROD00555,Product 555,Laptop,Consumer,2024-04-18
PROD00556,Product 556,Printer,Business,2022-04-16
PROD00557,Product 557,Desktop,Business,2026-02-25
PROD00558,Product 558,Printer,Business,2025-04-28
PROD00559,Product 559,Laptop,Consumer,2022-10-26
PROD00560,Product 560,Laptop,Consumer,2023-02-22
PROD00561,Product 561,Accessory,Gaming,2021-09-30
PROD00562,Product 562,Desktop,Consumer,2025-06-27
PROD00563,Product 563,Desktop,Premium,2025-08-12
PROD00564,Product 564,Printer,Gaming,2026-02-09
PROD00565,Product 565,Monitor,Gaming,2026-09-08
PROD00566,Product 566,Desktop,Consumer,2025-05-07
PROD00567,Product 567,Accessory,Business,2024-09-10
PROD00568,Product 568,Accessory,Gaming,2023-11-15
PROD00569,Product 569,Printer,Consumer,2022-07-09
PROD00570,Product 570,Accessory,Premium,2024-09-02
PROD00571,Product 571,Accessory,Business,2026-03-13
PROD00572,Product 572,Accessory,Consumer,2024-01-13
PROD00573,Product 573,Printer,Gaming,2026-01-06
PROD00574,Product 574,Printer,Business,2026-01-29
PROD00575,Product 575,Accessory,Business,2024-10-30
PROD00576,Product 576,Laptop,Consumer,2022-05-12
PROD00577,Product 577,Desktop,Consumer,2024-10-28
PROD00578,Product 578,Monitor,Business,2025-03-06
PROD00579,Product 579,Desktop,Gaming,2025-04-07
PROD00580,Product 580,Accessory,Business,2024-05-03
PROD00581,Product 581,Desktop,Consumer,2024-10-06
PROD00582,Product 582,Laptop,Premium,2022-01-28
PROD00583,Product 583,Printer,Premium,2023-12-28
PROD00584,Product 584,Monitor,Consumer,2021-10-12
PROD00585,Product 585,Laptop,Premium,2022-10-13
PROD00586,Product 586,Accessory,Consumer,2021-12-03
PROD00587,Product 587,Laptop,Business,2022-05-15
PROD00588,Product 588,Desktop,Business,2025-08-21
PROD00589,Product 589,Laptop,Gaming,2025-07-21
PROD00590,Product 590,Laptop,Consumer,2022-12-15
PROD00591,Product 591,Desktop,Gaming,2021-12-03
PROD00592,Product 592,Desktop,Premium,2022-06-09
PROD00593,Product 593,Desktop,Premium,2024-11-11
PROD00594,Product 594,Desktop,Business,2024-08-10
PROD00595,Product 595,Printer,Business,2023-02-14
PROD00596,Product 596,Monitor,Business,2025-03-10
PROD00597,Product 597,Monitor,Premium,2024-01-15
PROD00598,Product 598,Monitor,Business,2022-01-17
PROD00599,Product 599,Monitor,Premium,2025-10-25
PROD00600,Product 600,Monitor,Premium,2022-02-27
PROD00601,Product 601,Desktop,Gaming,2024-11-10
PROD00602,Product 602,Monitor,Premium,2025-03-14
PROD00603,Product 603,Printer,Business,2022-09-05
PROD00604,Product 604,Accessory,Business,2023-12-01
PROD00605,Product 605,Laptop,Gaming,2022-10-08
PROD00606,Product 606,Accessory,Consumer,2025-01-30
PROD00607,Product 607,Desktop,Business,2022-04-01
PROD00608,Product 608,Monitor,Consumer,2026-09-07
PROD00609,Product 609,Laptop,Premium,2022-11-22
PROD00610,Product 610,Printer,Gaming,2023-06-02
PROD00611,Product 611,Printer,Premium,2023-02-22
PROD00612,Product 612,Accessory,Gaming,2022-04-24
PROD00613,Product 613,Laptop,Premium,2022-10-02
PROD00614,Product 614,Printer,Premium,2026-02-26
PROD00615,Product 615,Monitor,Premium,2025-07-15
PROD00616,Product 616,Laptop,Consumer,2026-04-06
PROD00617,Product 617,Desktop,Business,2022-02-01
PROD00618,Product 618,Desktop,Gaming,2026-04-19
PROD00619,Product 619,Accessory,Gaming,2022-03-16
PROD00620,Product 620,Laptop,Premium,2024-05-18
PROD00621,Product 621,Laptop,Business,2022-07-03
PROD00622,Product 622,Accessory,Consumer,2025-03-28
PROD00623,Product 623,Laptop,Business,2023-11-21
PROD00624,Product 624,Accessory,Premium,2024-09-08
PROD00625,Product 625,Printer,Gaming,2025-05-24
PROD00626,Product 626,Laptop,Consumer,2022-02-17
PROD00627,Product 627,Laptop,Gaming,2022-06-05
PROD00628,Product 628,Monitor,Consumer,2022-01-31
PROD00629,Product 629,Monitor,Business,2026-06-29
PROD00630,Product 630,Accessory,Business,2026-01-31
PROD00631,Product 631,Desktop,Business,2022-03-03
PROD00632,Product 632,Laptop,Gaming,2026-05-19
PROD00633,Product 633,Laptop,Premium,2026-08-28
PROD00634,Product 634,Desktop,Business,2025-07-31
PROD00635,Product 635,Monitor,Business,2022-01-19
PROD00636,Product 636,Accessory,Consumer,2025-09-12
PROD00637,Product 637,Laptop,Business,2021-12-25
PROD00638,Product 638,Accessory,Gaming,2026-07-09
PROD00639,Product 639,Desktop,Business,2025-08-27
PROD00640,Product 640,Monitor,Business,2026-08-24
PROD00641,Product 641,Accessory,Gaming,2024-05-02
PROD00642,Product 642,Monitor,Gaming,2023-09-26
PROD00643,Product 643,Laptop,Gaming,2024-12-30
PROD00644,Product 644,Printer,Gaming,2026-05-23
PROD00645,Product 645,Monitor,Business,2022-12-15
PROD00646,Product 646,Printer,Consumer,2025-02-16
PROD00647,Product 647,Desktop,Premium,2026-08-14
PROD00648,Product 648,Monitor,Gaming,2022-08-19
PROD00649,Product 649,Monitor,Premium,2023-02-07
PROD00650,Product 650,Printer,Consumer,2023-12-25
PROD00651,Product 651,Monitor,Premium,2022-01-11
PROD00652,Product 652,Monitor,Consumer,2024-11-16
PROD00653,Product 653,Accessory,Gaming,2025-12-09
PROD00654,Product 654,Laptop,Gaming,2024-12-13
PROD00655,Product 655,Monitor,Premium,2024-09-04
PROD00656,Product 656,Accessory,Gaming,2024-03-30
PROD00657,Product 657,Printer,Gaming,2024-11-10
PROD00658,Product 658,Accessory,Premium,2024-10-02
PROD00659,Product 659,Desktop,Consumer,2025-07-23
PROD00660,Product 660,Laptop,Premium,2024-02-07
PROD00661,Product 661,Accessory,Consumer,2023-11-04
PROD00662,Product 662,Desktop,Business,2024-09-20
PROD00663,Product 663,Accessory,Gaming,2024-10-21
PROD00664,Product 664,Accessory,Consumer,2025-04-08
PROD00665,Product 665,Laptop,Premium,2022-09-09
PROD00666,Product 666,Accessory,Consumer,2024-07-24
PROD00667,Product 667,Accessory,Consumer,2025-08-27
PROD00668,Product 668,Printer,Gaming,2024-01-10
PROD00669,Product 669,Monitor,Business,2023-08-21
PROD00670,Product 670,Desktop,Consumer,2024-05-30
PROD00671,Product 671,Laptop,Business,2024-12-24
PROD00672,Product 672,Accessory,Consumer,2026-01-03
PROD00673,Product 673,Printer,Gaming,2022-09-14
PROD00674,Product 674,Desktop,Consumer,2025-02-25
PROD00675,Product 675,Laptop,Business,2021-10-13
PROD00676,Product 676,Monitor,Gaming,2023-08-03
PROD00677,Product 677,Laptop,Business,2024-08-16
PROD00678,Product 678,Monitor,Gaming,2026-06-09
PROD00679,Product 679,Desktop,Consumer,2023-02-10
PROD00680,Product 680,Desktop,Gaming,2021-11-10
PROD00681,Product 681,Printer,Gaming,2023-03-16
PROD00682,Product 682,Printer,Gaming,2022-08-29
PROD00683,Product 683,Laptop,Business,2023-12-29
PROD00684,Product 684,Laptop,Consumer,2024-07-26
PROD00685,Product 685,Monitor,Gaming,2022-03-15
PROD00686,Product 686,Laptop,Premium,2021-09-25
PROD00687,Product 687,Printer,Gaming,2021-09-25
PROD00688,Product 688,Desktop,Gaming,2025-02-03
PROD00689,Product 689,Monitor,Business,2022-11-19
PROD00690,Product 690,Printer,Gaming,2026-01-10
PROD00691,Product 691,Desktop,Business,2023-01-11
PROD00692,Product 692,Desktop,Business,2026-07-11
PROD00693,Product 693,Desktop,Consumer,2023-06-15
PROD00694,Product 694,Accessory,Gaming,2025-12-26
PROD00695,Product 695,Desktop,Consumer,2022-04-08
PROD00696,Product 696,Monitor,Business,2024-04-14
PROD00697,Product 697,Accessory,Gaming,2023-07-01
PROD00698,Product 698,Laptop,Gaming,2023-11-29
PROD00699,Product 699,Desktop,Premium,2024-10-05
PROD00700,Product 700,Monitor,Gaming,2023-02-21
PROD00701,Product 701,Printer,Gaming,2023-05-07
PROD00702,Product 702,Laptop,Premium,2025-04-03
PROD00703,Product 703,Accessory,Business,2023-11-24
PROD00704,Product 704,Accessory,Business,2026-05-10
PROD00705,Product 705,Laptop,Business,2022-07-09
PROD00706,Product 706,Laptop,Business,2025-05-02
PROD00707,Product 707,Printer,Gaming,2026-04-06
PROD00708,Product 708,Monitor,Business,2022-09-05
PROD00709,Product 709,Monitor,Gaming,2024-07-08
PROD00710,Product 710,Accessory,Business,2025-11-12
PROD00711,Product 711,Monitor,Consumer,2024-01-01
PROD00712,Product 712,Desktop,Business,2023-03-30
PROD00713,Product 713,Printer,Business,2023-11-21
PROD00714,Product 714,Printer,Business,2026-03-19
PROD00715,Product 715,Accessory,Consumer,2024-04-10
PROD00716,Product 716,Laptop,Consumer,2024-08-02
PROD00717,Product 717,Laptop,Business,2025-12-16
PROD00718,Product 718,Accessory,Premium,2023-04-27
PROD00719,Product 719,Monitor,Gaming,2024-01-08
PROD00720,Product 720,Printer,Business,2025-09-30
PROD00721,Product 721,Accessory,Gaming,2022-01-01
PROD00722,Product 722,Desktop,Premium,2024-10-03
PROD00723,Product 723,Printer,Gaming,2025-12-13
PROD00724,Product 724,Accessory,Premium,2026-05-06
PROD00725,Product 725,Printer,Business,2023-06-14
PROD00726,Product 726,Printer,Consumer,2022-08-27
PROD00727,Product 727,Desktop,Business,2022-06-16
PROD00728,Product 728,Accessory,Consumer,2025-08-20
PROD00729,Product 729,Desktop,Premium,2023-08-08
PROD00730,Product 730,Accessory,Premium,2026-04-18
PROD00731,Product 731,Accessory,Consumer,2026-07-21
PROD00732,Product 732,Monitor,Consumer,2024-11-12
PROD00733,Product 733,Laptop,Consumer,2025-08-18
PROD00734,Product 734,Printer,Gaming,2023-11-10
PROD00735,Product 735,Monitor,Gaming,2022-09-20
PROD00736,Product 736,Accessory,Premium,2026-04-18
PROD00737,Product 737,Laptop,Gaming,2024-04-19
PROD00738,Product 738,Laptop,Consumer,2023-06-30
PROD00739,Product 739,Laptop,Premium,2025-05-09
PROD00740,Product 740,Laptop,Business,2024-08-20
PROD00741,Product 741,Desktop,Business,2024-05-25
PROD00742,Product 742,Monitor,Gaming,2022-03-02
PROD00743,Product 743,Laptop,Business,2022-01-19
PROD00744,Product 744,Desktop,Consumer,2022-01-09
PROD00745,Product 745,Desktop,Consumer,2025-03-23
PROD00746,Product 746,Monitor,Gaming,2025-11-24
PROD00747,Product 747,Printer,Business,2022-12-04
PROD00748,Product 748,Laptop,Gaming,2023-09-09
PROD00749,Product 749,Laptop,Business,2026-07-22
PROD00750,Product 750,Desktop,Business,2023-09-19
PROD00751,Product 751,Accessory,Gaming,2025-05-24
PROD00752,Product 752,Accessory,Premium,2022-05-24
PROD00753,Product 753,Laptop,Business,2022-04-17
PROD00754,Product 754,Monitor,Business,2024-12-17
PROD00755,Product 755,Laptop,Consumer,2024-06-16
PROD00756,Product 756,Printer,Gaming,2024-01-26
PROD00757,Product 757,Laptop,Gaming,2024-05-10
PROD00758,Product 758,Monitor,Gaming,2021-10-12
PROD00759,Product 759,Monitor,Business,2022-02-07
PROD00760,Product 760,Monitor,Premium,2026-08-19
PROD00761,Product 761,Desktop,Gaming,2023-11-03
PROD00762,Product 762,Accessory,Consumer,2021-12-24
PROD00763,Product 763,Printer,Business,2025-01-12
PROD00764,Product 764,Desktop,Gaming,2023-10-22
PROD00765,Product 765,Accessory,Gaming,2023-11-04
PROD00766,Product 766,Desktop,Consumer,2024-01-06
PROD00767,Product 767,Accessory,Business,2023-01-10
PROD00768,Product 768,Desktop,Business,2024-03-12
PROD00769,Product 769,Monitor,Gaming,2024-10-26
PROD00770,Product 770,Desktop,Premium,2024-04-26
PROD00771,Product 771,Monitor,Business,2022-10-03
PROD00772,Product 772,Accessory,Business,2025-06-29
PROD00773,Product 773,Desktop,Business,2022-01-25
PROD00774,Product 774,Accessory,Premium,2023-09-06
PROD00775,Product 775,Laptop,Gaming,2022-05-09
PROD00776,Product 776,Laptop,Business,2026-07-22
PROD00777,Product 777,Printer,Consumer,2023-05-24
PROD00778,Product 778,Laptop,Gaming,2022-10-04
PROD00779,Product 779,Accessory,Business,2023-04-10
PROD00780,Product 780,Accessory,Business,2024-02-09
PROD00781,Product 781,Monitor,Gaming,2023-09-15
PROD00782,Product 782,Monitor,Business,2023-07-26
PROD00783,Product 783,Printer,Business,2024-01-02
PROD00784,Product 784,Accessory,Consumer,2024-10-12
PROD00785,Product 785,Laptop,Business,2023-02-10
PROD00786,Product 786,Monitor,Gaming,2023-07-20
PROD00787,Product 787,Laptop,Business,2022-09-11
PROD00788,Product 788,Laptop,Premium,2022-01-16
PROD00789,Product 789,Monitor,Business,2023-07-03
PROD00790,Product 790,Laptop,Consumer,2022-03-09
PROD00791,Product 791,Printer,Consumer,2024-01-15
PROD00792,Product 792,Printer,Business,2024-06-28
PROD00793,Product 793,Laptop,Premium,2026-04-29
PROD00794,Product 794,Accessory,Gaming,2023-04-11
PROD00795,Product 795,Monitor,Consumer,2022-03-20
PROD00796,Product 796,Desktop,Gaming,2023-10-29
PROD00797,Product 797,Monitor,Business,2022-01-10
PROD00798,Product 798,Desktop,Premium,2023-01-24
PROD00799,Product 799,Printer,Consumer,2021-10-21
PROD00800,Product 800,Accessory,Consumer,2025-01-06
PROD00801,Product 801,Accessory,Gaming,2026-03-02
PROD00802,Product 802,Desktop,Business,2024-03-07
PROD00803,Product 803,Printer,Consumer,2022-12-17
PROD00804,Product 804,Accessory,Consumer,2022-09-12
PROD00805,Product 805,Accessory,Premium,2023-09-30
PROD00806,Product 806,Monitor,Consumer,2024-11-04
PROD00807,Product 807,Monitor,Gaming,2025-06-30
PROD00808,Product 808,Monitor,Business,2023-09-16
PROD00809,Product 809,Monitor,Business,2024-10-29
PROD00810,Product 810,Desktop,Business,2024-11-10
PROD00811,Product 811,Desktop,Consumer,2024-08-17
PROD00812,Product 812,Monitor,Premium,2023-06-30
PROD00813,Product 813,Accessory,Consumer,2021-11-21
PROD00814,Product 814,Desktop,Consumer,2024-03-22
PROD00815,Product 815,Laptop,Premium,2022-07-22
PROD00816,Product 816,Accessory,Gaming,2025-08-06
PROD00817,Product 817,Laptop,Consumer,2023-05-31
PROD00818,Product 818,Laptop,Consumer,2022-12-06
PROD00819,Product 819,Laptop,Business,2024-06-10
PROD00820,Product 820,Monitor,Premium,2021-10-12
PROD00821,Product 821,Laptop,Gaming,2023-12-17
PROD00822,Product 822,Accessory,Consumer,2022-07-24
PROD00823,Product 823,Accessory,Business,2023-01-05
PROD00824,Product 824,Monitor,Business,2024-10-12
PROD00825,Product 825,Printer,Premium,2024-11-07
PROD00826,Product 826,Desktop,Gaming,2022-04-06
PROD00827,Product 827,Laptop,Gaming,2026-06-08
PROD00828,Product 828,Desktop,Premium,2026-04-06
PROD00829,Product 829,Monitor,Gaming,2025-09-25
PROD00830,Product 830,Printer,Gaming,2024-06-23
PROD00831,Product 831,Accessory,Consumer,2025-10-03
PROD00832,Product 832,Desktop,Business,2026-04-11
PROD00833,Product 833,Accessory,Gaming,2026-05-04
PROD00834,Product 834,Accessory,Consumer,2026-09-18
PROD00835,Product 835,Laptop,Business,2021-10-19
PROD00836,Product 836,Accessory,Consumer,2025-09-26
PROD00837,Product 837,Laptop,Premium,2023-03-23
PROD00838,Product 838,Accessory,Consumer,2025-01-24
PROD00839,Product 839,Printer,Premium,2026-04-07
PROD00840,Product 840,Desktop,Gaming,2025-03-29
PROD00841,Product 841,Printer,Premium,2022-04-08
PROD00842,Product 842,Laptop,Premium,2021-11-19
PROD00843,Product 843,Printer,Gaming,2023-01-21
PROD00844,Product 844,Accessory,Business,2024-03-06
PROD00845,Product 845,Laptop,Premium,2023-10-03
PROD00846,Product 846,Desktop,Business,2022-01-20
PROD00847,Product 847,Desktop,Gaming,2025-06-04
PROD00848,Product 848,Monitor,Business,2025-09-09
PROD00849,Product 849,Laptop,Business,2025-04-16
PROD00850,Product 850,Accessory,Premium,2022-03-11
PROD00851,Product 851,Monitor,Gaming,2023-02-26
PROD00852,Product 852,Desktop,Premium,2025-10-06
PROD00853,Product 853,Accessory,Premium,2025-01-02
PROD00854,Product 854,Monitor,Consumer,2023-07-22
PROD00855,Product 855,Laptop,Gaming,2025-06-08
PROD00856,Product 856,Monitor,Premium,2023-01-22
PROD00857,Product 857,Printer,Consumer,2025-06-03
PROD00858,Product 858,Accessory,Business,2022-02-07
PROD00859,Product 859,Laptop,Premium,2025-11-06
PROD00860,Product 860,Accessory,Consumer,2023-02-14
PROD00861,Product 861,Desktop,Consumer,2026-03-03
PROD00862,Product 862,Accessory,Gaming,2024-04-07
PROD00863,Product 863,Accessory,Consumer,2023-02-06
PROD00864,Product 864,Monitor,Premium,2024-08-15
PROD00865,Product 865,Laptop,Premium,2026-04-28
PROD00866,Product 866,Desktop,Business,2025-11-13
PROD00867,Product 867,Desktop,Business,2024-04-07
PROD00868,Product 868,Monitor,Gaming,2022-05-09
PROD00869,Product 869,Accessory,Business,2022-02-06
PROD00870,Product 870,Monitor,Consumer,2026-09-17
PROD00871,Product 871,Printer,Premium,2023-06-12
PROD00872,Product 872,Printer,Consumer,2022-07-28
PROD00873,Product 873,Accessory,Consumer,2025-11-10
PROD00874,Product 874,Accessory,Premium,2025-08-13
PROD00875,Product 875,Desktop,Consumer,2026-03-10
PROD00876,Product 876,Laptop,Gaming,2025-04-10
PROD00877,Product 877,Monitor,Consumer,2022-08-04
PROD00878,Product 878,Accessory,Consumer,2022-02-10
PROD00879,Product 879,Accessory,Gaming,2022-10-17
PROD00880,Product 880,Printer,Business,2023-07-07
PROD00881,Product 881,Desktop,Premium,2026-09-04
PROD00882,Product 882,Laptop,Gaming,2022-05-22
PROD00883,Product 883,Laptop,Gaming,2022-12-10
PROD00884,Product 884,Desktop,Gaming,2023-06-08
PROD00885,Product 885,Accessory,Consumer,2022-05-29
PROD00886,Product 886,Laptop,Premium,2025-02-26
PROD00887,Product 887,Monitor,Consumer,2022-12-26
PROD00888,Product 888,Printer,Consumer,2021-10-14
PROD00889,Product 889,Monitor,Business,2022-07-11
PROD00890,Product 890,Laptop,Premium,2024-01-16
PROD00891,Product 891,Monitor,Premium,2023-02-18
PROD00892,Product 892,Accessory,Gaming,2025-05-16
PROD00893,Product 893,Monitor,Business,2023-09-28
PROD00894,Product 894,Printer,Consumer,2024-07-07
PROD00895,Product 895,Accessory,Premium,2022-12-19
PROD00896,Product 896,Accessory,Business,2025-03-11
PROD00897,Product 897,Desktop,Consumer,2022-07-18
PROD00898,Product 898,Desktop,Consumer,2026-07-23
PROD00899,Product 899,Desktop,Business,2024-04-12
PROD00900,Product 900,Laptop,Consumer,2023-07-04
PROD00901,Product 901,Laptop,Business,2022-08-20
PROD00902,Product 902,Desktop,Gaming,2023-03-23
PROD00903,Product 903,Desktop,Consumer,2025-08-15
PROD00904,Product 904,Accessory,Business,2023-05-15
PROD00905,Product 905,Laptop,Business,2025-11-30
PROD00906,Product 906,Laptop,Consumer,2023-10-15
PROD00907,Product 907,Printer,Premium,2024-05-20
PROD00908,Product 908,Laptop,Consumer,2023-04-12
PROD00909,Product 909,Desktop,Consumer,2024-04-12
PROD00910,Product 910,Printer,Consumer,2022-09-28
PROD00911,Product 911,Accessory,Consumer,2026-01-25
PROD00912,Product 912,Monitor,Consumer,2022-05-27
PROD00913,Product 913,Monitor,Consumer,2025-09-17
PROD00914,Product 914,Monitor,Consumer,2024-07-23
PROD00915,Product 915,Monitor,Consumer,2021-12-30
PROD00916,Product 916,Desktop,Gaming,2022-12-21
PROD00917,Product 917,Monitor,Premium,2025-08-11
PROD00918,Product 918,Laptop,Consumer,2026-08-18
PROD00919,Product 919,Laptop,Consumer,2023-01-03
PROD00920,Product 920,Laptop,Premium,2026-02-24
PROD00921,Product 921,Printer,Premium,2024-02-02
PROD00922,Product 922,Printer,Business,2025-07-06
PROD00923,Product 923,Accessory,Consumer,2025-04-22
PROD00924,Product 924,Printer,Business,2024-06-11
PROD00925,Product 925,Accessory,Consumer,2022-11-23
PROD00926,Product 926,Accessory,Business,2026-05-18
PROD00927,Product 927,Printer,Gaming,2023-12-23
PROD00928,Product 928,Monitor,Premium,2025-07-19
PROD00929,Product 929,Desktop,Business,2026-09-12
PROD00930,Product 930,Laptop,Consumer,2024-10-19
PROD00931,Product 931,Monitor,Premium,2025-06-07
PROD00932,Product 932,Accessory,Consumer,2026-01-13
PROD00933,Product 933,Desktop,Business,2025-03-24
PROD00934,Product 934,Accessory,Business,2022-11-21
PROD00935,Product 935,Printer,Consumer,2026-09-17
PROD00936,Product 936,Accessory,Premium,2024-02-29
PROD00937,Product 937,Printer,Premium,2023-07-04
PROD00938,Product 938,Printer,Premium,2026-02-03
PROD00939,Product 939,Accessory,Premium,2022-05-30
PROD00940,Product 940,Desktop,Consumer,2021-11-02
PROD00941,Product 941,Accessory,Consumer,2021-12-05
PROD00942,Product 942,Monitor,Gaming,2024-10-18
PROD00943,Product 943,Laptop,Gaming,2023-01-27
PROD00944,Product 944,Printer,Gaming,2022-10-23
PROD00945,Product 945,Laptop,Business,2025-04-17
PROD00946,Product 946,Desktop,Business,2025-03-15
PROD00947,Product 947,Accessory,Premium,2026-04-07
PROD00948,Product 948,Desktop,Consumer,2024-05-06
PROD00949,Product 949,Accessory,Gaming,2024-11-27
PROD00950,Product 950,Laptop,Consumer,2023-03-29
PROD00951,Product 951,Monitor,Consumer,2025-09-01
PROD00952,Product 952,Printer,Business,2021-12-23
PROD00953,Product 953,Laptop,Consumer,2024-04-26
PROD00954,Product 954,Printer,Gaming,2023-01-29
PROD00955,Product 955,Printer,Gaming,2022-09-30
PROD00956,Product 956,Monitor,Consumer,2023-05-15
PROD00957,Product 957,Accessory,Consumer,2026-04-24
PROD00958,Product 958,Desktop,Consumer,2022-06-30
PROD00959,Product 959,Printer,Premium,2025-03-25
PROD00960,Product 960,Printer,Consumer,2026-07-01
PROD00961,Product 961,Monitor,Gaming,2023-11-16
PROD00962,Product 962,Laptop,Gaming,2025-09-24
PROD00963,Product 963,Accessory,Consumer,2025-09-16
PROD00964,Product 964,Accessory,Gaming,2026-01-03
PROD00965,Product 965,Laptop,Premium,2025-10-09
PROD00966,Product 966,Accessory,Business,2026-07-27
PROD00967,Product 967,Printer,Consumer,2022-10-02
PROD00968,Product 968,Accessory,Business,2026-07-08
PROD00969,Product 969,Desktop,Business,2026-03-30
PROD00970,Product 970,Laptop,Consumer,2021-10-23
PROD00971,Product 971,Desktop,Consumer,2022-12-02
PROD00972,Product 972,Desktop,Premium,2022-08-17
PROD00973,Product 973,Monitor,Premium,2023-12-15
PROD00974,Product 974,Desktop,Business,2023-07-03
PROD00975,Product 975,Monitor,Gaming,2024-09-18
PROD00976,Product 976,Accessory,Premium,2023-06-26
PROD00977,Product 977,Laptop,Premium,2026-04-12
PROD00978,Product 978,Desktop,Consumer,2023-01-17
PROD00979,Product 979,Printer,Consumer,2021-10-28
PROD00980,Product 980,Accessory,Consumer,2025-12-05
PROD00981,Product 981,Accessory,Premium,2023-07-23
PROD00982,Product 982,Desktop,Premium,2025-04-03
PROD00983,Product 983,Accessory,Consumer,2025-12-22
PROD00984,Product 984,Monitor,Premium,2024-08-17
PROD00985,Product 985,Laptop,Gaming,2023-03-13
PROD00986,Product 986,Desktop,Business,2026-04-11
PROD00987,Product 987,Monitor,Premium,2024-01-24
PROD00988,Product 988,Accessory,Business,2025-12-23
PROD00989,Product 989,Monitor,Gaming,2025-03-27
PROD00990,Product 990,Desktop,Gaming,2023-05-13
PROD00991,Product 991,Accessory,Premium,2024-01-22
PROD00992,Product 992,Printer,Consumer,2025-10-08
PROD00993,Product 993,Laptop,Business,2022-08-10
PROD00994,Product 994,Accessory,Gaming,2026-02-26
PROD00995,Product 995,Printer,Premium,2026-08-05
PROD00996,Product 996,Accessory,Business,2024-06-07
PROD00997,Product 997,Desktop,Business,2026-04-15
PROD00998,Product 998,Laptop,Premium,2024-08-03
PROD00999,Product 999,Accessory,Premium,2026-09-03
PROD01000,Product 1000,Accessory,Premium,2024-04-21